brittany_area,169,170,171,172,4384,3.3238636363636367,10.395
normandy_area,167,168,1879,4385,0,0.7670454545454545,11.25
provence_area,201,202,2991,4696,0,-5.113636363636363,6.705
poitou_area,180,4111,4386,4387,0,0.8309659090909092,8.64
guyenne_area,194,198,4112,174,0,-0.19176136363636362,7.290000000000001
pyrenees_area,175,173,176,4694,0,0.7670454545454545,6.39
languedoc_area,200,2753,4391,4695,196,-2.428977272727273,6.75
bourgogne_area,192,193,4764,0,0,-4.985795454545454,9.674999999999999
west_burgundy_area,191,1877,4392,0,0,-3.4517045454545454,9.63
massif_central_area,190,195,199,4697,4777,-1.981534090909091,8.280000000000001
savoy_dauphine_area,203,204,205,4719,0,-4.857954545454546,8.1
lorraine_area,187,188,189,4766,0,-5.3053977272727275,10.98
picardy_area,87,88,89,1743,0,-1.7258522727272727,12.375
ile_de_france_area,182,183,185,4388,0,-1.6619318181818183,10.935
champagne_area,181,186,4390,0,0,-3.4517045454545454,11.34
loire_area,177,178,4389,0,0,0.8309659090909092,9.765
orleans_area,184,179,4776,0,0,-1.2144886363636365,9.72
wallonia_area,91,93,94,1866,0,-4.474431818181818,12.285
holland_area,96,97,98,4383,0,-4.026988636363637,14.084999999999999
flanders_area,90,1865,4769,0,0,-2.5568181818181817,13.005
frisia_area,99,100,1931,4381,4382,-5.816761363636364,14.805
brabant_area,92,1744,2974,0,0,-4.154829545454546,13.095
north_brabant_area,95,4770,1742,0,0,-4.921875,13.455000000000002
aragon_area,211,214,2990,4557,0,1.40625,4.7700000000000005
catalonia_area,197,212,213,2987,2988,-0.9588068181818181,4.995
valencia_area,220,1750,4549,4550,0,1.2144886363636365,3.1049999999999995
lower_andalucia_area,224,225,1748,1749,4548,5.880681818181818,1.53
upper_andalucia_area,222,223,226,4546,0,4.21875,1.08
castille_area,217,2755,4551,4789,0,4.21875,4.1850000000000005
toledo_area,219,221,2751,2754,4547,3.4517045454545454,2.79
asturias_area,1745,4552,1746,215,0,4.921875,5.3549999999999995
galicia_area,206,4554,4555,4558,0,8.565340909090908,5.805
baleares_area,333,4559,4560,0,0,-2.237215909090909,3.1049999999999995
basque_country_area,209,210,2989,0,0,2.8125,5.67
leon_area,208,216,4553,207,0,6.711647727272727,5.265
extremadura_area,4788,218,1747,0,0,6.839488636363636,2.79
beieras_area,231,232,228,1851,4556,8.4375,4.2299999999999995
alentejo_area,227,229,230,4150,4787,8.821022727272727,2.205
macaronesia_area,366,367,368,4565,0,20.007102272727273,28.6279296875
venetia_area,108,111,112,1774,4729,-11.186079545454545,8.504999999999999
lombardy_area,104,1862,4728,4740,2979,-8.181818181818182,8.235
po_valley_area,109,4739,107,0,0,-9.460227272727273,8.325000000000001
piedmont_area,103,1875,2981,4727,0,-6.839488636363636,7.6499999999999995
tuscany_area,115,116,117,2978,2980,-10.482954545454545,6.39
liguria_area,101,102,2992,0,0,-7.478693181818182,7.065
corsica_sardinia_area,127,1247,2986,4735,0,-8.373579545454545,4.005
sicily_area,124,126,2982,0,0,-13.998579545454547,1.2600000000000002
western_sicily_area,125,4736,4737,0,0,-12.720170454545453,1.53
naples_area,121,2983,4734,0,0,-14.19034090909091,4.2749999999999995
lazio_area,118,2976,4731,4732,0,-12.017045454545453,5.3999999999999995
calabria_area,123,1934,2984,0,0,-15.532670454545453,3.1049999999999995
apulia_area,122,1933,2985,4733,0,-15.46875,4.455
emilia_romagna_area,105,106,113,114,4730,-10.291193181818182,7.38
central_italy_area,119,120,2977,0,0,-12.592329545454547,6.03
munster_area,4118,4377,4378,0,0,9.204545454545455,14.265
connacht_area,375,376,4119,0,0,9.524147727272727,15.615
leinster_area,373,374,4120,4379,0,7.542613636363636,15.299999999999999
ulster_area,372,4121,4380,0,0,7.734375,16.605
kingdom_of_the_isles_area,253,4364,4365,0,0,6.903409090909091,18.765
highlands_area,250,252,369,4110,4363,5.2414772727272725,19.214999999999996
lowlands_area,248,249,251,4361,4362,4.026988636363637,18.0
wales_area,241,242,4366,4369,0,4.474431818181818,14.355
scottish_marches_area,246,247,244,4375,0,3.1321022727272725,16.38
yorkshire_area,245,4367,4368,4785,0,1.9176136363636362,15.975
west_midlands_area,239,240,4372,0,0,2.940340909090909,14.4
east_midlands_area,243,1861,4376,0,0,1.4701704545454546,14.985
wessex_area,233,234,4130,4373,4374,3.5795454545454546,13.005
home_counties_area,235,236,237,4371,0,1.0227272727272727,13.544999999999998
east_anglia_area,238,1860,4370,0,0,0.06392045454545454,14.355
jutland_area,15,1984,4142,4149,0,-8.693181818181818,18.27
denmark_area,12,14,1981,1983,0,-10.802556818181818,17.235
skaneland_area,6,26,1982,4165,0,-12.975852272727272,18.18
gotaland_area,2,3,25,4166,0,-14.89346590909091,19.44
vastra_gotaland_area,7,16,4163,4164,0,-11.953125,20.205000000000002
svealand_area,5,8,1985,0,0,-13.167613636363637,22.275000000000002
ostra_svealand_area,1,4,1930,0,0,-16.107954545454547,21.825
norrland_area,9,11,18,4114,0,-18.40909090909091,27.765
finland_area,27,28,29,31,4123,-24.673295454545457,23.94
bothnia_area,19,4113,4152,0,0,-25.376420454545457,27.36
laponia_area,315,1777,4151,0,0,-29.53125,31.5
karelia_area,30,33,34,1961,0,-29.339488636363637,21.915
north_karelia_area,32,309,4124,0,0,-31.512784090909093,23.985
northern_norway_area,10,20,21,0,0,-13.48721590909091,27.72
eastern_norway_area,17,22,4143,4144,0,-9.84375,22.724999999999998
western_norway_area,23,24,2752,4145,0,-6.008522727272727,22.589999999999996
subarctic_islands_area,1978,1979,370,371,0,18.792613636363637,29.205000000000002
greenland_area,1104,1105,0,0,0,49.53835227272727,57.50659898477157
estonia_ingria_area,36,1834,1842,0,0,-25.184659090909093,20.7
livonia_area,37,38,273,4241,0,-25.3125,19.080000000000002
curonia_area,35,39,1935,0,0,-22.180397727272727,18.99
east_prussia_area,40,41,767,2958,42,-20.51846590909091,16.2
west_prussia_area,2997,43,1841,0,0,-17.769886363636363,15.93
wielkopolska_area,254,4526,255,2963,0,-16.363636363636363,14.445
malopolska_area,262,4527,2960,0,0,-19.55965909090909,12.419999999999998
red_ruthenia_area,261,1940,2424,2961,4541,-23.90625,11.61
podolia_volhynia_area,281,4540,1943,0,0,-28.188920454545457,11.205000000000002
volhynia_area,279,2962,4539,4538,0,-24.928977272727273,12.915000000000001
pripyat_area,278,1941,4537,4545,0,-25.823863636363637,14.535
podlasie_area,269,277,1937,0,0,-22.819602272727273,14.715
mazovia_area,256,257,1938,4525,0,-20.326704545454547,14.355
central_poland_area,258,1939,4533,0,0,-18.28125,13.455000000000002
sandomierz_area,260,2959,259,0,0,-21.285511363636363,12.915000000000001
kuyavia_area,4523,1859,4524,4528,0,-18.15340909090909,14.805
samogitia_area,270,271,1936,4534,0,-22.75568181818182,17.189999999999998
lithuania_area,272,770,4535,4536,0,-25.376420454545457,16.785
west_dniepr_area,280,1942,1944,4247,0,-29.339488636363637,12.285
east_dniepr_area,290,2407,4542,0,0,-32.53551136363637,12.285
chernigov_area,1945,289,4543,0,0,-33.11079545454545,13.725
sloboda_ukraine_area,291,298,299,2408,0,-37.07386363636363,13.23
yedisan_area,282,1974,2406,0,0,-31.512784090909093,9.584999999999999
zaporizhia_area,283,2411,2412,0,0,-35.22017045454545,10.44
azov_area,286,287,2413,2414,0,-38.86363636363637,9.315
crimea_area,284,285,2410,2447,0,-34.26136363636363,7.92
white_ruthenia_area,292,771,4246,0,0,-29.97869318181818,16.29
minsk_area,276,4115,4242,4544,0,-28.188920454545457,15.48
ryazan_area,301,1778,4255,0,0,-39.63068181818182,16.064999999999998
moscow_area,295,4251,4252,0,0,-36.24289772727273,17.28
vladimir_area,307,4147,4253,0,0,-38.54403409090909,18.0
yaroslavl_area,308,1753,4117,4250,0,-38.16051136363637,19.935
tver_area,294,1752,4243,4248,4249,-33.49431818181818,18.63
suzdal_area,1754,1956,4254,0,0,-41.35653409090909,18.089999999999996
smolensk_area,293,297,4244,4245,0,-32.40767045454545,16.155
oka_area,296,300,4116,0,0,-35.79545454545455,15.75
novgorod_area,310,311,1959,2749,4260,-32.15198863636363,20.43
pskov_area,274,275,1960,4148,0,-28.316761363636363,18.900000000000002
vologda_area,314,4262,4263,0,0,-40.58948863636363,21.735
beloozero_area,312,4259,4261,0,0,-36.81818181818182,22.14
astrakhan_area,464,466,468,2416,2417,-44.23295454545455,9.225
lower_don_area,288,467,1971,2409,0,-41.03693181818182,11.745
kazan_area,1082,2422,4264,0,0,-47.62073863636364,18.0
samara_area,473,1081,2423,0,0,-46.40625,15.75
lower_yik_area,469,474,2365,2367,0,-48.83522727272727,11.475
nogai_area,465,470,471,472,2366,-54.65198863636364,45.0634765625
ural_area,1080,1078,1780,2427,2441,-61.49147727272727,60.1025390625
pomor_area,313,1776,1958,4258,0,-33.94176136363637,26.37
arkhangelsk_area,1955,4122,4256,4257,0,-42.44318181818182,26.055
bashkiria_area,475,1965,1966,2420,2444,-55.73863636363636,50.4345703125
volga_area,2421,4265,4267,0,0,-50.88068181818181,16.740000000000002
galich_area,306,1079,1083,1957,0,-46.40625,20.160000000000004
kama_area,305,1962,1972,4266,0,-53.4375,55.751953125
tambov_area,302,304,2415,0,0,-41.99573863636363,14.805
saratov_area,303,2418,2419,0,0,-45.703125,13.59
silesia_area,263,264,2966,4238,4723,-16.363636363636363,13.005
bohemia_area,266,2968,2970,4725,4724,-14.318181818181818,12.105
erzgebirge_area,267,1771,2967,0,0,-12.848011363636363,12.330000000000002
lusatia_area,60,1763,4778,0,0,-13.870738636363637,13.635
moravia_area,265,4237,4726,0,0,-16.235795454545453,11.88
south_saxony_area,59,61,4744,62,0,-12.208806818181818,13.41
upper_bavaria_area,65,2955,4707,4708,0,-10.994318181818182,10.53
lower_bavaria_area,64,1757,2956,2957,0,-11.761363636363637,11.385
east_bavaria_area,76,4760,4709,0,0,-12.52840909090909,10.485
lower_swabia_area,70,4713,4712,0,0,-8.501420454545455,10.709999999999999
franconia_area,4718,4715,71,79,0,-9.268465909090908,11.834999999999999
upper_franconia_area,66,67,4716,4717,0,-10.546875,12.195
upper_swabia_area,68,1868,4711,1872,0,-9.779829545454545,10.665000000000001
northern_saxony_area,52,58,2964,4741,4742,-10.802556818181818,14.174999999999999
thuringia_area,63,2965,4743,0,0,-10.802556818181818,12.959999999999999
neumark_area,49,2969,4747,0,0,-14.63778409090909,14.85
mittelmark_area,50,51,1759,4748,2993,-12.592329545454547,14.715
vorpommern_area,47,2994,4745,1858,0,-12.78409090909091,15.84
hinter_pommern_area,48,2995,4746,0,0,-15.46875,15.885
tirol_area,73,110,1768,4710,4758,-10.482954545454545,9.495
austria_proper_area,133,134,1770,4761,4762,-14.765625,10.755
inner_austria_area,128,132,1863,4759,0,-13.870738636363637,9.63
carinthia_area,129,130,1769,4738,4751,-13.615056818181818,8.504999999999999
switzerland_area,166,1869,1870,1873,4722,-8.309659090909092,9.495
romandie_area,165,1867,1871,4720,4721,-6.328125,9.135
upper_rhineland_area,72,74,4714,0,0,-7.478693181818182,10.665000000000001
alsace_area,75,1880,4765,0,0,-6.583806818181818,10.575000000000001
palatinate_area,77,1761,4767,0,0,-7.350852272727273,11.655
north_rhine_area,84,85,2975,83,0,-6.519886363636364,13.14
lower_rhineland_area,80,1760,1878,4768,0,-6.136363636363636,12.375
westphalia_area,82,2972,4775,0,0,-7.862215909090909,13.68
north_westphalia_area,56,86,2973,69,0,-6.839488636363636,14.174999999999999
hesse_area,81,1762,1876,4774,78,-8.501420454545455,12.735
braunschweig_area,57,1758,2971,4773,0,-9.012784090909092,14.084999999999999
weser_area,54,55,1874,4771,0,-8.053977272727273,15.209999999999999
holstein_area,13,1775,4141,0,0,-8.821022727272727,16.47
lower_saxony_area,44,53,1857,4772,0,-9.588068181818182,15.075000000000001
mecklenburg_area,45,46,2996,4749,4786,-11.186079545454545,15.525
macedonia_area,148,1853,3001,4702,4780,-21.477272727272727,4.32
morea_area,145,146,163,1773,4701,-22.308238636363637,1.08
northern_greece_area,142,144,147,4699,4698,-20.774147727272727,2.835
thrace_area,149,151,1764,4779,4705,-25.887784090909093,4.7700000000000005
bulgaria_area,150,1765,2746,2750,4703,-23.267045454545457,5.8950000000000005
silistria_area,4704,4706,159,0,0,-26.71875,6.795
wallachia_area,160,161,2998,4531,4532,-24.673295454545457,7.515
moldavia_area,268,1756,2405,4529,4530,-27.16619318181818,9.450000000000001
transylvania_area,157,158,1952,4127,0,-23.330965909090907,9.72
southern_transylvania_area,156,1951,4128,0,0,-22.563920454545457,8.459999999999999
slovakia_area,154,162,1318,1772,4236,-19.11221590909091,11.115
serbia_area,141,3000,4176,4239,4757,-20.26278409090909,6.795
rascia_area,138,1766,1827,4754,0,-19.495738636363637,5.805
albania_area,143,4174,4175,4750,0,-19.303977272727273,4.365
bosnia_area,139,140,1831,3002,4755,-17.578125,6.885
croatia_area,131,1826,1828,4752,0,-15.276988636363637,7.785
slavonia_area,152,4756,1767,4173,0,-17.00284090909091,8.415000000000001
east_adriatic_coast_area,136,137,4753,0,0,-15.916193181818182,6.39
alfold_area,155,1953,1954,4125,0,-20.390625,9.405
transdanubia_area,135,153,1864,4126,4240,-17.70596590909091,9.495
imereti_area,422,462,1856,0,0,-41.29261363636363,5.625
samtskhe_area,2196,2204,4303,0,0,-41.80397727272727,4.140000000000001
kartli_kakheti_area,423,2203,4301,0,0,-44.16903409090909,4.86
armenia_area,420,419,2202,2205,4302,-44.61647727272727,3.33
shirvan_area,421,4299,4305,4340,0,-47.49289772727273,3.555
circassia_area,463,2201,2195,2197,0,-40.97301136363637,6.93
dagestan_area,425,2198,2199,2208,4306,-45.95880681818181,6.12
rum_area,329,1846,2300,4314,4315,-35.09232954545455,3.33
erzurum_area,330,331,2305,0,0,-39.24715909090909,3.375
hudavendigar_area,316,317,2296,0,0,-27.741477272727273,3.6
germiyan_area,322,1848,4308,4311,0,-29.211647727272727,2.1149999999999998
aydin_area,318,319,2297,2298,4309,-27.86931818181818,1.53
ankara_area,326,4312,4313,0,0,-31.448863636363637,3.465
aegean_archipelago_area,164,320,2348,3003,4700,-24.673295454545457,1.89
kastamonu_area,325,328,2299,2304,0,-33.23863636363637,4.455
karaman_area,323,324,2301,4307,0,-32.72727272727273,1.845
cukurova_area,321,327,2302,0,0,-33.49431818181818,0.6300000000000001
aleppo_area,377,1849,2313,4298,0,-36.43465909090909,0.225
syria_area,378,382,1855,4297,0,-35.66761363636363,30.4541015625
trans_jordan_area,380,381,2327,0,0,-35.47585227272727,27.4462890625
palestine_area,364,379,1854,0,0,-33.62215909090909,27.7685546875
dulkadir_area,332,2303,2308,4310,0,-37.32954545454545,1.71
iraq_arabi_area,406,409,410,2310,4291,-43.27414772727273,30.185546875
basra_area,408,2311,2312,4288,0,-45.44744318181819,27.9296875
luristan_area,413,414,2209,2210,0,-47.36505681818181,30.5078125
north_kurdistan_area,418,2306,2307,4295,4296,-40.84517045454545,1.935
khuzestan_area,412,2217,4289,4290,4342,-48.387784090909086,28.0908203125
shahrizor_area,415,2211,4293,4294,0,-44.36079545454545,32.0654296875
al_jazira_area,407,411,2309,2314,4292,-40.26988636363637,0.09
bahrain_area,394,395,396,2340,2347,-48.13210227272727,23.2568359375
pirate_coast_area,397,398,404,2333,0,-52.99005681818181,20.8935546875
nafud_area,393,2338,4272,0,0,-40.78125,25.244140625
tabuk_area,383,2328,4268,4269,0,-36.37073863636363,24.4384765625
medina_area,384,2329,2330,0,0,-38.99147727272727,21.5380859375
mecca_area,385,2331,2332,4277,4278,-40.52556818181818,18.6376953125
asir_area,386,391,4282,0,0,-43.27414772727273,15.8984375
tihama_al_yemen_area,387,2346,4279,0,0,-42.25142045454545,13.857421875
upper_yemen_area,390,2344,4281,0,0,-44.36079545454545,13.642578125
yemen_area,388,2345,4280,0,0,-44.87215909090909,12.24609375
hadramut_area,389,2343,4283,0,0,-47.684659090909086,13.3740234375
mahra_area,402,1099,4284,0,0,-50.625,14.1259765625
yamamah_area,2335,2336,2339,4275,0,-46.47017045454545,19.228515625
qasim_area,392,2337,4273,4274,0,-43.84943181818182,21.8603515625
dhofar_area,401,2341,2342,0,0,-55.03551136363636,16.3818359375
oman_area,403,4285,4287,0,0,-56.18607954545455,19.8193359375
mascat_area,399,400,4286,0,0,-57.33664772727273,20.1416015625
syrian_desert_area,405,4270,4271,0,0,-37.45738636363637,29.86328125
gulf_of_arabia_area,365,2315,2320,2321,0,-32.91903409090909,24.9755859375
al_wahat_area,1233,2318,4323,0,0,-29.08380681818182,23.203125
delta_area,358,362,363,0,0,-29.339488636363637,27.5
bahari_area,361,2316,4316,4317,0,-29.97869318181818,26.748046875
vostani_area,359,2317,4318,0,0,-30.170454545454543,25.3515625
said_area,360,1231,2319,4319,4320,-31.640625,22.55859375
tripolitania_area,354,2451,2452,355,0,-14.254261363636363,28.037109375
cyrenaica_area,356,357,2325,2326,0,-22.180397727272727,27.9833984375
fezzan_area,2448,2449,2474,4567,0,-12.848011363636363,24.921875
tunisia_area,341,2454,2455,2473,4566,-8.884943181818182,0.045
djerba_area,353,2453,2954,0,0,-9.396306818181818,29.9169921875
algiers_area,336,2465,4562,0,0,2.492897727272727,30.9375
barbary_coast_area,337,2461,338,0,0,-0.6392045454545454,0.18
kabylia_area,339,340,1882,0,0,-5.561079545454546,0.36
hautes_plaines_area,2459,2462,2463,0,0,-0.703125,31.0986328125
ouled_nail_area,350,351,2458,0,0,-3.8991477272727275,30.7763671875
north_saharan_area,352,2450,2456,2457,2472,-6.775568181818182,28.7353515625
tafilalt_area,346,349,2460,0,0,4.282670454545454,28.0908203125
sus_area,348,2464,2466,4568,0,7.798295454545455,26.748046875
southern_morocco_area,347,1110,2470,0,0,10.930397727272727,25.9423828125
western_morocco_area,342,345,2469,4564,0,8.501420454545455,29.43359375
marrekesh_area,343,344,2467,2468,0,6.264204545454545,29.8095703125
northern_morocco_area,334,335,1751,4563,4561,5.688920454545455,31.3671875
madagascar_highlands_area,1792,4023,4027,0,0,-46.34232954545455,-16.0595703125
betsimasaraka_area,4021,4024,4025,0,0,-48.32386363636364,-13.8037109375
sakalava_area,1193,1194,4022,4031,4032,-44.42471590909091,-16.220703125
southern_madagascar_area,4026,4028,4029,4030,0,-45.19176136363636,-20.41015625
lower_zambezi_area,1187,1190,1191,0,0,-31.448863636363637,-13.8037109375
upper_zambezi_area,4046,4047,4050,0,0,-30.49005681818182,-10.95703125
shire_area,4038,4039,4040,0,0,-34.06960227272727,-12.8369140625
butua_area,1185,1188,1189,0,0,-28.955965909090907,-15.146484375
zimbabwe_area,1184,2950,2951,2952,0,-31.257102272727273,-16.97265625
ruvuma_area,4036,4037,4043,4042,0,-35.79545454545455,-9.5068359375
ngonde_area,4041,4044,4045,0,0,-34.00568181818182,-8.1640625
mozambique_area,788,1195,4049,4020,0,-39.18323863636363,-12.138671875
uticulo_makuana_area,4034,4035,4048,0,0,-37.265625,-11.9775390625
quelimane_area,1183,1186,1192,0,0,-34.26136363636363,-17.6171875
limpopo_area,789,1181,1182,1800,0,-31.065340909090907,-22.6123046875
central_swahili_coast_area,1196,1197,1198,1199,1201,-38.03267045454545,-7.1435546875
northern_swahili_coast_area,1204,2774,2796,0,0,-40.52556818181818,-0.6982421875
mombasa_area,1200,1202,1203,0,0,-38.03267045454545,-2.9541015625
kenya_area,1273,1925,4053,4054,4060,-35.98721590909091,-0.0537109375
jubba_area,2777,4051,4052,0,0,-39.95028409090909,1.50390625
tanzania_area,4055,4056,4057,4058,4073,-34.32528409090909,-5.048828125
buha_area,4070,4071,4072,4076,4077,-30.745738636363637,-4.833984375
buzinza_area,4059,4061,4063,0,0,-32.66335227272727,-2.041015625
luba_area,4097,4099,4105,4109,0,-26.27130681818182,-4.833984375
katanga_area,4098,4100,4101,4102,4103,-27.549715909090907,-8.1103515625
zambia_area,4104,4106,4108,0,0,-26.46306818181818,-11.708984375
chokwe_area,4094,4095,4107,0,0,-22.563920454545457,-10.09765625
rwanda_area,4067,4068,4069,0,0,-28.955965909090907,-2.1484375
uganda_area,4062,4064,4066,0,0,-31.512784090909093,0.3759765625
bunyoro_area,4065,4074,4075,0,0,-31.576704545454543,1.9873046875
kasai_area,4083,4087,4091,4092,4093,-20.071022727272727,-7.3583984375
sankuru_area,4089,4090,4096,0,0,-22.691761363636363,-4.7802734375
lower_kasai_area,4081,4085,4086,4088,0,-18.15340909090909,-4.189453125
ogaden_area,1207,1208,1210,2778,2779,-42.890625,6.123046875
darfur_central_sahara_area,774,1219,2801,2802,2932,-23.586647727272727,11.8701171875
kurdufan_area,1216,1221,2800,0,0,-29.97869318181818,11.1181640625
lower_nubia_area,1234,2322,2323,0,0,-32.34375,18.90625
dongola_area,1220,1228,1229,0,0,-31.89630681818182,16.0595703125
upper_nubia_area,1222,1226,1225,2797,2798,-34.19744318181818,13.75
sennar_area,1217,2799,4033,0,0,-33.17471590909091,10.0439453125
red_sea_coast_area,1230,1232,2324,2787,0,-36.49857954545455,16.5966796875
tigray_area,1227,2766,2767,2771,0,-37.71306818181818,12.2998046875
ifat_area,1211,1212,2773,2793,0,-41.80397727272727,8.6474609375
somaliland_area,1209,2786,2789,2792,2790,-46.66193181818181,8.7548828125
southern_ethiopia_area,2757,2758,2759,4158,0,-34.90056818181818,6.7138671875
hadiya_area,1218,2756,2760,0,0,-37.39346590909091,5.908203125
central_ethiopia_area,1214,1223,1224,2769,2772,-37.20170454545455,10.3662109375
damot_area,2762,2763,2770,0,0,-35.02840909090909,8.916015625
aussa_area,1215,2764,2765,2768,0,-40.46164772727273,10.9033203125
shewa_area,1213,2761,2791,0,0,-38.671875,8.1103515625
mogadishu_area,1205,2775,2782,2794,2795,-44.55255681818182,2.4169921875
ajuuran_area,2776,2780,2781,2785,0,-43.91335227272727,3.65234375
majarteen_area,1206,2024,2783,2784,2788,-48.32386363636364,7.3583984375
mascarenes_area,1100,1102,1103,0,0,-55.61079545454545,-9.990234375
indian_ocean_islands_area,574,1101,1248,1998,1999,-81.62642045454545,0.21484375
papua_area,1237,2719,2720,2721,2722,-144.65198863636363,-6.337890625
vogelkop_area,1245,2718,2723,2724,0,-135.0,-3.3837890625
melanesia_area,1236,1238,1239,1986,0,-156.9247159090909,-8.486328125
fiji_area,1242,4937,4938,0,0,-175.5255681818182,-14.931640625
micronesia_area,1241,1991,1993,1994,0,-105.14914772727272,4.8876953125
west_micronesia_area,1235,1995,1996,0,0,-145.9943181818182,9.8291015625
western_australia_area,1084,2727,4863,4864,0,-119.46732954545455,-26.0498046875
northern_australia_area,2730,2731,2732,4848,4849,-141.5838068181818,-13.4814453125
top_end_area,2728,2729,4846,4847,0,-132.69886363636363,-11.494140625
eastern_australia_area,1091,1092,4855,4856,0,-146.953125,-24.3310546875
southern_australia_area,1087,1088,2734,4861,1089,-143.6931818181818,-28.4130859375
murray_river_area,1086,2735,2736,4862,0,-137.6846590909091,-27.5
illawara_area,1090,4857,4858,4859,4860,-146.6974431818182,-28.251953125
north_queensland_area,1094,2733,4850,1093,0,-146.1221590909091,-19.55078125
south_queensland_area,4851,4852,4853,4854,0,-147.7840909090909,-21.806640625
pilbara_area,2726,4865,4866,4867,0,-121.640625,-17.1337890625
tasmania_area,1085,4868,4869,0,0,-144.20454545454547,-33.2470703125
northern_polynesia_area,1240,1997,4934,4935,4936,163.828125,5.51171875
eastern_polynesia_area,1244,1987,1988,0,0,141.4559659090909,-16.66796875
polynesia_area,1243,1989,1990,1992,0,99.140625,-15.705078125
te_ika_a_maui_hauauru_area,1106,1107,2739,0,0,-174.75852272727272,-25.1904296875
te_ika_a_maui_waho_area,1108,2737,4939,0,0,-176.484375,-26.4794921875
te_waipounamu_area,1109,1246,2738,0,0,-170.53977272727272,-31.259765625
western_sahara_area,1127,1128,1129,1130,2271,2.8764204545454546,19.228515625
cap_verde_area,1096,1111,0,0,0,18.089488636363637,18.4765625
jolof_area,1112,1113,1116,2239,0,16.107954545454547,13.212890625
tekrur_area,1115,2237,2240,2244,0,13.23153409090909,13.9111328125
baghena_area,2243,2245,2246,2247,0,8.053977272727273,14.39453125
manding_area,1120,1121,1124,2248,0,10.419034090909092,10.3125
futa_jallon_area,1114,1117,2238,0,0,13.870738636363637,10.3662109375
massina_area,1123,1131,2249,2250,0,6.903409090909091,11.708984375
jenne_area,1134,2259,2261,2263,0,4.282670454545454,12.890625
niger_bend_area,1132,1133,2260,2262,2264,2.7485795454545454,14.6630859375
upper_volta_area,1135,1136,1137,2265,2266,1.534090909090909,11.171875
kong_area,1122,1125,2252,2253,0,5.625,9.0234375
lower_volta_area,1138,2254,2255,2256,2267,2.0454545454545454,7.841796875
lower_niger_area,1144,1145,1146,1152,1153,-5.497159090909091,7.3046875
hausa_area,1155,2280,2281,0,0,-8.501420454545455,10.1513671875
katsina_area,1148,1149,2279,0,0,-6.519886363636364,11.7626953125
zazzau_area,1150,1154,2278,2293,0,-5.113636363636363,9.9365234375
bornu_area,1157,1160,2282,2283,2284,-11.505681818181818,11.171875
kanem_area,1158,1159,2286,2287,2288,-15.085227272727272,11.494140625
adamawa_plateau_area,1161,1162,1249,2285,0,-9.84375,7.94921875
dendi_area,1142,2268,2269,2270,0,-1.7897727272727273,12.353515625
azbin_area,1156,2272,2273,2274,2276,-6.903409090909091,14.501953125
east_azbin_area,2275,2277,2475,0,0,-10.994318181818182,16.7578125
atacora_oueme_area,1140,1143,2291,2292,2295,-1.6619318181818183,8.1103515625
gulf_of_guinea_area,1151,1163,1164,1165,0,-9.076704545454545,2.578125
benin_area,1147,2289,2290,2294,0,-4.730113636363637,5.478515625
sao_tome_area,1097,1306,0,0,0,-6.967329545454545,1.7724609375
west_africa_coast_area,1126,1139,1141,2257,2258,3.1321022727272725,5.2099609375
guinea_coast_area,1118,1119,2241,2242,0,12.144886363636363,6.982421875
south_atlantic_islands_area,1095,2025,0,0,0,48.06818181818181,-26.994140625
matamba_area,2948,4082,4084,0,0,-16.875,-8.486328125
coastal_kongo_area,1166,1168,4078,4079,4080,-11.505681818181818,-3.8134765625
kongo_area,798,1169,1170,1901,2949,-14.126420454545453,-4.833984375
angola_namibia_area,1098,1167,1171,1172,1174,-12.911931818181818,-10.9033203125
cape_of_good_hope_area,833,1175,1177,1179,1180,-22.37215909090909,-28.3056640625
south_african_plateau_area,1176,1178,2856,2880,2864,-22.819602272727273,-25.8349609375
makran_area,434,575,2231,2232,2233,-61.68323863636364,23.525390625
sistan_area,435,2224,2229,2230,0,-61.36363636363636,27.9296875
kalat_area,576,577,2068,0,0,-66.41335227272727,25.78125
ferghana_area,458,460,1967,0,0,-69.99289772727273,35.7177734375
arys_area,457,2364,2356,0,0,-69.67329545454545,37.8662109375
kyzylkum_area,455,1970,2363,0,0,-63.60085227272727,39.3701171875
transoxiana_area,442,453,454,0,0,-64.30397727272727,35.6103515625
termez_area,1968,4344,4343,0,0,-67.5,33.73046875
khiva_area,440,441,1973,2362,2370,-59.31818181818181,38.2958984375
kabulistan_area,448,451,452,578,2226,-68.90625,30.7763671875
transcaspia_area,437,438,439,443,2349,-54.46022727272727,38.0810546875
mashhad_area,2221,2235,2236,4326,0,-57.01704545454545,32.763671875
herat_area,446,4324,4325,0,0,-60.72443181818181,31.3671875
birjand_area,436,4334,4336,0,0,-57.528409090909086,29.9169921875
ghor_area,447,449,2225,0,0,-64.62357954545455,29.326171875
merv_area,444,445,2350,0,0,-61.10795454545455,33.9990234375
balkh_area,450,2227,2228,0,0,-66.2215909090909,32.0654296875
kerman_area,432,2220,2234,4345,0,-56.69744318181819,26.42578125
persian_gulf_coast_area,430,2219,2223,4332,0,-52.54261363636364,24.814453125
mogostan_area,431,2999,4327,0,0,-56.31392045454545,23.84765625
farsistan_area,2218,4329,4330,4331,0,-52.28693181818181,26.1572265625
iraq_e_ajam_area,427,428,2213,2216,4337,-52.54261363636364,31.3134765625
azerbaijan_area,2212,2215,4300,4338,0,-47.940340909090914,0.54
isfahan_area,429,433,2222,4335,4171,-53.11789772727273,28.8427734375
tabriz_area,416,2206,2207,4304,424,-45.44744318181819,1.71
tabarestan_area,417,426,2214,4339,4341,-51.96732954545455,0.9
sirhind_area,510,2065,4411,4463,0,-74.78693181818181,26.5869140625
sind_sagar_area,2077,2078,4511,0,0,-71.5909090909091,29.43359375
oudh_area,523,2094,4494,4495,4497,-80.34801136363636,24.1162109375
katehar_area,2061,4498,4499,0,0,-78.1747159090909,25.3515625
purvanchal_area,555,2055,2095,4490,0,-82.265625,22.8271484375
upper_doab_area,522,2060,2062,0,0,-76.57670454545455,25.9423828125
lower_doab_area,524,556,2063,4496,0,-78.94176136363636,23.3642578125
lahore_area,507,2075,2076,4510,4513,-73.31676136363636,27.9296875
multan_area,506,2079,2086,4508,4509,-70.3125,26.3720703125
naga_hills_area,570,573,2041,0,0,-92.87642045454545,22.236328125
east_bengal_area,564,2039,4474,4475,4478,-89.4247159090909,20.5712890625
north_bengal_area,562,2045,2046,4486,0,-87.7627840909091,23.0419921875
tripura_area,567,2091,4473,0,0,-91.34232954545455,21.0546875
bihar_area,558,4469,4472,4489,0,-84.18323863636364,21.9140625
mithila_area,2047,4484,4487,4488,0,-84.2471590909091,23.6328125
jharkhand_area,560,2096,4450,4470,4471,-84.9502840909091,20.302734375
upper_mahanadi_area,553,2082,4447,4451,4452,-81.75426136363636,18.8525390625
gaur_area,563,2044,4479,0,0,-87.37926136363636,22.021484375
west_bengal_area,561,2081,4476,4477,0,-87.3153409090909,20.3564453125
gird_area,525,528,740,4464,4465,-76.32102272727273,22.34375
baghelkhand_area,2097,2098,4468,0,0,-81.37073863636364,21.0009765625
bundelkhand_area,559,2059,4459,4466,4467,-78.43039772727273,21.9140625
gondwana_area,550,551,2092,4458,4460,-78.68607954545455,19.9267578125
orissa_area,552,2038,2043,2049,4441,-85.01420454545455,18.26171875
garjat_area,547,2048,4445,4446,4448,-81.4346590909091,16.8115234375
telingana_area,2028,4438,4444,0,0,-77.72727272727273,16.5966796875
golconda_area,542,2037,4436,4439,0,-78.49431818181819,15.146484375
andhra_area,543,549,2084,2080,4425,-81.11505681818181,15.146484375
raichur_doab_area,532,2033,4428,0,0,-75.3622159090909,13.5888671875
khandesh_area,527,4434,4453,0,0,-74.85085227272727,18.798828125
rayalaseema_area,541,1949,2090,4423,4424,-76.96022727272727,12.998046875
malabar_area,534,535,537,4410,4413,-75.68181818181819,8.7548828125
malwa_area,526,2056,2057,2093,4461,-75.17045454545455,20.2490234375
mewar_area,518,2058,2087,4501,4462,-73.76420454545455,22.0751953125
jangladesh_area,512,4502,4507,2066,0,-73.18892045454545,25.029296875
marwar_area,513,514,2067,4506,0,-71.07954545454545,23.2568359375
jaipur_area,519,520,2064,4500,0,-75.49005681818181,24.3310546875
sindh_area,504,2088,4503,4504,0,-67.94744318181819,22.236328125
northern_sindh_area,505,2072,4505,0,0,-67.69176136363636,24.27734375
north_carnatic_area,2083,4418,4419,4420,0,-78.55823863636364,12.67578125
south_carnatic_area,539,540,1947,2027,4417,-78.55823863636364,11.0107421875
madura_area,536,2101,4412,0,0,-77.15198863636364,8.2177734375
tanjore_area,2026,4415,4416,0,0,-78.43039772727273,9.2919921875
kongu_area,538,2085,4414,0,0,-77.02414772727273,9.8291015625
konkan_area,529,530,2089,4429,0,-72.5497159090909,15.6298828125
desh_area,1946,2034,4431,0,0,-73.57244318181819,15.0390625
ahmednagar_area,544,545,4432,4433,4437,-74.6590909090909,16.9189453125
kanara_area,531,2029,2030,2032,4427,-74.21164772727273,12.03125
maidan_area,569,1948,2035,4435,0,-75.55397727272727,15.146484375
mysore_area,533,2031,4421,4422,4426,-76.00142045454545,11.3330078125
berar_area,546,548,2050,4442,4443,-77.9190340909091,17.939453125
assam_area,566,571,2040,2042,4440,-92.49289772727272,23.9013671875
himalayan_hills_area,509,511,2069,4493,0,-77.15198863636364,27.607421875
nepal_area,557,2070,2071,4483,4485,-84.63068181818181,24.921875
baisi_rajya_area,4491,4492,554,0,0,-80.859375,25.458984375
bhutan_area,565,4481,4482,0,0,-88.97727272727273,24.384765625
kashmir_area,508,2073,2074,4449,4521,-74.72301136363636,30.9375
lanka_area,2100,4408,4409,0,0,-79.70880681818181,7.1435546875
south_lanka_area,572,2099,4407,0,0,-79.96448863636364,5.908203125
ahmedabad_area,516,2051,2054,4512,4457,-71.78267045454545,19.6044921875
patan_area,503,2053,4456,4480,0,-70.24857954545455,20.83984375
tapti_area,517,2036,4430,0,0,-72.80539772727273,18.2080078125
saurashtra_area,515,521,2052,4454,4455,-69.67329545454545,19.12109375
upper_burma_area,584,2399,581,0,0,-94.47443181818183,19.0673828125
central_burma_area,4394,4396,585,4395,0,-94.921875,17.0263671875
chindwin_area,2398,580,4393,2397,0,-94.0909090909091,20.7861328125
kachin_area,582,2395,2396,4404,4405,-96.2002840909091,22.8271484375
shan_hill_area,583,588,2400,4397,4406,-96.77556818181817,19.443359375
karenni_area,587,2401,4398,0,0,-97.99005681818183,18.046875
malaya_area,598,599,2393,4814,0,-101.63352272727272,3.65234375
johor_area,597,2686,4815,0,0,-102.7840909090909,1.50390625
malacca_area,595,596,2392,0,0,-100.80255681818183,2.8466796875
khorat_area,612,4836,2383,2386,0,-101.76136363636363,13.3740234375
champasak_area,608,4839,4840,2382,4838,-104.6377840909091,13.642578125
champa_area,606,607,1022,2374,4822,-107.51420454545455,11.7626953125
tay_nguyen_area,2375,4823,4824,0,0,-107.06676136363637,11.38671875
cambodia_area,604,4825,4826,2379,0,-102.7840909090909,10.52734375
angkor_area,609,4828,4827,1823,2378,-104.82954545454545,11.6015625
lower_burma_area,586,590,1815,2403,4399,-95.56107954545455,14.716796875
arakan_area,568,579,2402,0,0,-92.36505681818183,18.2080078125
mekong_area,605,2376,2377,4829,2380,-105.02130681818183,9.23828125
tenasserim_area,593,2390,2391,0,0,-98.50142045454545,7.2509765625
north_tenasserim_area,591,592,2404,2387,4835,-98.11789772727272,11.3330078125
north_malaya_area,594,2394,4812,4813,0,-100.16335227272728,4.9951171875
vietnam_area,610,1016,2373,4821,0,-104.765625,16.328125
red_river_delta_area,613,616,2372,4819,4820,-104.6377840909091,19.12109375
north_laos_area,615,2371,2381,4837,1844,-101.69744318181817,18.046875
vientiane_area,614,2384,2385,611,0,-102.14488636363637,15.576171875
central_thai_area,600,4831,4832,4830,603,-100.22727272727272,11.9775390625
sukhothai_area,2388,2389,601,4833,4834,-98.94886363636363,14.3408203125
northern_thai_area,602,1817,589,4842,4841,-98.69318181818183,16.54296875
mindanao_area,2701,2702,4355,0,0,-124.77272727272728,6.9287109375
west_mindanao_area,652,653,4354,0,0,-123.23863636363637,6.2841796875
visayas_area,654,2700,4351,4352,4353,-122.79119318181817,9.453125
palawan_area,651,655,4356,0,0,-118.18892045454545,8.0029296875
luzon_area,657,658,2698,4348,0,-120.17045454545455,14.7705078125
southern_luzon_area,656,2697,2699,4349,4350,-120.8096590909091,12.1923828125
north_sumatra_area,617,2673,2685,2674,4809,-96.07244318181817,3.759765625
batak_area,619,4811,2684,2682,0,-97.734375,1.2890625
central_sumatra_area,620,2675,618,4810,0,-100.09943181818183,1.2890625
jambi_area,2677,659,2676,4816,0,-102.20880681818183,-0.8056640625
minangkabau_area,2680,2681,2683,4817,4818,-99.90767045454545,-1.2890625
south_sumatra_area,621,622,623,2678,2679,-103.9346590909091,-3.0615234375
east_java_area,627,2691,4794,0,0,-111.98863636363637,-6.7138671875
surabaya_area,629,4793,628,2692,0,-110.9659090909091,-5.9619140625
central_java_area,626,2689,2690,4792,0,-109.1122159090909,-6.23046875
west_java_area,2688,625,4791,0,0,-107.32244318181817,-5.8544921875
banten_area,624,630,2687,4790,0,-105.85227272727272,-5.5322265625
kutai_area,638,2712,4799,2711,2710,-115.75994318181817,0.859375
sabah_area,2709,637,2703,0,0,-116.27130681818183,4.189453125
brunei_area,636,2704,2705,4805,4806,-112.3721590909091,2.255859375
kalimantan_area,640,2706,4802,4803,4804,-109.24005681818183,-0.107421875
banjar_area,639,2707,4800,4801,2708,-112.94744318181817,-1.826171875
molluca_area,645,2717,646,647,0,-127.00994318181817,-2.4169921875
spice_islands_area,648,649,650,0,0,-127.00994318181817,0.6982421875
lesser_sunda_islands_area,631,632,634,2693,0,-116.97443181818183,-7.4658203125
timor_area,633,635,2695,2696,2725,-124.83664772727272,-7.08984375
makassar_area,4797,4798,4795,641,0,-119.01988636363637,-3.5986328125
sulawesi_area,643,644,2713,2714,4845,-120.49005681818183,-0.322265625
south_sulawesi_area,642,2715,2716,4796,0,-120.61789772727272,-2.8466796875
pyongan_area,1845,2744,4232,0,0,-125.0284090909091,36.5234375
hamgyeong_area,732,2742,2743,0,0,-127.45738636363637,37.275390625
western_korea_area,733,735,4230,4231,0,-125.47585227272728,34.4287109375
eastern_korea_area,734,736,2694,2745,4227,-127.3934659090909,33.193359375
south_korea_area,737,1013,2741,4228,4229,-126.17897727272728,32.119140625
hokkaido_area,1031,1032,1847,1852,4193,-142.4786931818182,40.17578125
hokuriku_area,1023,1024,1837,0,0,-136.78977272727272,33.30078125
kanto_area,1028,1843,4189,0,0,-138.19602272727272,32.44140625
eastern_kanto_area,1027,4190,4191,0,0,-139.15482954545453,32.7099609375
kyushu_area,1012,1015,4180,4181,0,-129.56676136363637,27.9296875
northern_kyushu_area,1014,1818,4182,4651,0,-129.69460227272728,29.7021484375
shikoku_area,1819,1820,4186,0,0,-132.50710227272728,30.078125
eastern_chubu_area,1029,1839,4188,4360,0,-137.109375,32.01171875
chubu_area,1030,1835,4359,0,0,-135.9588068181818,31.796875
kinai_area,1020,1021,1832,4187,0,-134.80823863636363,30.9375
thohoku_area,1025,1026,4131,4192,0,-139.6661931818182,35.556640625
sanindo_area,1018,1830,4183,4185,0,-132.82670454545453,31.6357421875
saigoku_area,1017,1019,1825,4184,0,-132.0596590909091,31.044921875
kamchatka_area,1034,1035,1038,1041,2440,-162.23011363636363,62.626953125
kolyma_area,1036,1037,1039,1040,2439,-148.8068181818182,67.7294921875
okhotsk_area,1043,1044,1047,1052,0,-137.17329545454547,57.2021484375
yakutia_area,1045,1051,1054,2435,2437,-116.78267045454545,60.5859375
sakha_area,1042,1046,2438,0,0,-131.9318181818182,62.197265625
buryatia_area,1055,1056,1057,1058,2446,-113.26704545454545,51.34765625
tunguska_area,1059,1061,2431,2432,2436,-98.62926136363637,61.4453125
central_siberia_area,1064,1067,1068,1070,2430,-85.2059659090909,61.8212890625
kara_area,1069,1072,1073,2445,4691,-72.5497159090909,65.3125
ob_area,480,2428,2429,2433,0,-78.23863636363636,56.396484375
irkutsk_area,1060,1062,1063,2442,2443,-100.4190340909091,53.06640625
perm_area,1077,1755,1963,1964,4129,-51.328125,23.445
balchasj_area,477,478,2355,2360,4685,-74.97869318181819,45.1708984375
kazakhstan_area,476,2351,2353,2358,2359,-64.1122159090909,46.0302734375
syr_darya_area,456,1969,2352,2361,0,-66.60511363636364,42.1630859375
yrtesh_area,1071,2434,4687,4688,4689,-76.640625,51.455078125
ishim_area,1074,1075,1076,2369,4692,-65.64630681818181,53.5498046875
aqmola_area,479,2354,2357,4686,4690,-70.63210227272727,50.380859375
heilongjiang_area,724,1053,2102,4664,0,-123.43039772727272,49.951171875
east_heilongjiang_area,1049,2104,4662,4659,2103,-129.88636363636363,48.662109375
central_heilongjiang_area,727,728,2185,4200,4660,-126.4346590909091,44.8486328125
cicigar_area,4218,725,4665,0,0,-121.96022727272728,44.8486328125
ilan_hala_area,1048,1050,4214,4216,4215,-136.8536931818182,48.5009765625
sakhalin_area,1033,4658,0,0,0,-141.71164772727272,47.158203125
central_jilin_area,729,731,2105,4217,4663,-132.95454545454547,44.0966796875
ningguta_area,2107,2108,4654,4661,4653,-128.28835227272728,40.2294921875
furdan_area,1850,2106,2186,4655,4656,-133.40198863636363,41.142578125
jilin_area,730,2110,2188,4201,2111,-125.2840909090909,39.9609375
liaoning_area,704,726,2112,2113,4652,-121.83238636363637,37.7587890625
ordos_area,701,709,2191,4223,4676,-103.29545454545455,36.5771484375
eastern_mongolia_area,2109,2187,4202,4674,0,-122.40767045454545,42.2705078125
chahar_area,722,4203,4675,4672,2115,-118.89204545454545,40.0146484375
inner_mongolia_area,702,2114,2747,4671,4670,-110.77414772727272,38.7255859375
outer_mongolia_area,717,721,2116,4220,0,-108.92045454545455,44.580078125
xilin_gol_area,4219,4673,723,4666,4667,-115.8877840909091,44.0966796875
altai_sayan_area,718,2117,4222,4680,4682,-93.19602272727272,43.3447265625
tannu_uriankhai_area,716,1065,1066,4679,0,-90.63920454545455,49.62890625
central_mongolia_area,720,2193,4221,4669,4677,-104.50994318181817,40.6591796875
uliastai_area,719,2189,2190,4668,4678,-99.39630681818183,44.5263671875
jetysuu_area,459,461,2125,2126,2368,-75.234375,40.068359375
kashgaria_area,739,2124,2127,4209,4210,-75.29829545454545,34.58984375
tarim_basin_area,712,2121,2192,0,0,-83.03267045454545,36.6845703125
shanshan_area,710,711,2123,4693,0,-85.01420454545455,33.7841796875
turpan_kumul_area,2122,4206,4207,0,0,-91.47017045454545,38.994140625
zungaria_area,713,715,2120,4208,4683,-85.46164772727273,41.03515625
amdo_area,705,706,2134,4204,0,-95.36931818181817,32.333984375
tsang_area,677,2130,4205,4517,4519,-91.91761363636363,27.3388671875
north_zungaria_area,714,2118,2119,4681,4684,-83.92755681818181,44.3115234375
kham_area,678,2131,2132,2133,2135,-98.50142045454545,27.6611328125
utsang_area,676,4514,4515,4518,0,-87.0596590909091,26.42578125
ngari_area,2128,4516,4520,0,0,-80.15625,28.7890625
hebei_area,703,1816,2136,4194,0,-116.39914772727272,37.16796875
south_hebei_area,695,696,2137,4195,0,-114.4815340909091,34.4287109375
shandong_area,690,691,2138,2139,2140,-117.16619318181817,32.8173828125
jiangsu_area,2141,2142,4196,0,0,-117.61363636363637,30.72265625
south_jiangsu_area,685,1821,1822,2145,0,-119.01988636363637,28.7353515625
anhui_area,1838,2143,2144,0,0,-116.07954545454545,29.21875
south_anhui_area,686,2146,2147,0,0,-116.71875,27.1240234375
zhejiang_area,684,1824,2148,2149,2150,-119.08380681818183,25.9423828125
jiangxi_area,670,683,1833,2151,0,-114.80113636363637,24.4921875
fujian_area,669,1829,2152,2153,0,-117.03835227272728,23.095703125
taiwan_area,738,2154,2155,0,0,-119.97869318181817,20.8935546875
guangdong_area,667,668,2156,2157,2158,-113.52272727272728,21.0009765625
west_guangdong_area,665,666,2159,2160,2161,-109.5596590909091,18.69140625
guangxi_area,664,1840,2162,2163,2164,-107.96164772727272,21.1083984375
yun_gui_area,662,663,673,674,4199,-104.57386363636363,22.666015625
yun_gui_borderland_area,660,661,2165,2166,2167,-99.33238636363637,22.12890625
sichuan_area,679,680,4212,0,0,-105.14914772727272,26.85546875
chuannan_area,675,2168,2748,4213,0,-103.16761363636363,24.70703125
chuanbei_area,2169,2170,4211,0,0,-104.6377840909091,28.7353515625
huguang_area,681,682,2171,2172,4197,-111.34943181818183,27.7685546875
hunan_area,671,672,2173,2174,0,-110.83806818181817,24.599609375
henan_area,687,2175,2176,0,0,-113.01136363636363,29.7021484375
north_henan_area,688,692,1836,0,0,-112.24431818181817,31.3671875
shanxi_area,693,694,697,2177,2178,-111.54119318181817,34.2138671875
shaanxi_area,689,700,2179,4198,0,-107.96164772727272,31.5283203125
gansu_area,698,699,2180,2181,2183,-104.44602272727272,32.2265625
west_gansu_area,707,708,2182,2184,0,-97.54261363636363,35.44921875
rio_grande_do_sol_area,2857,2879,2884,2887,0,53.05397727272727,-15.638671875
minas_gerais_area,765,2892,2894,2899,0,46.21448863636364,-10.69140625
diamantina_area,759,2898,2891,0,0,44.55255681818182,-8.8984375
goias_area,758,2906,2907,2908,2919,50.24147727272727,-8.5
pontal_area,2909,2910,2911,0,0,48.83522727272727,-5.345703125
mato_grosso_area,2888,2903,2904,2905,0,55.29119318181819,-7.736328125
ofaie_area,2881,2893,2920,0,0,55.22727272727273,-10.625
guapore_area,2900,2901,2902,0,0,61.81107954545455,-6.541015625
sao_paolo_area,766,769,2896,0,0,48.70738636363636,-12.517578125
west_sao_paolo_area,768,2895,2897,0,0,51.96732954545455,-12.517578125
rio_de_janeiro_area,761,762,763,764,0,42.95454545454545,-11.421875
bahia_area,756,757,760,2914,2916,40.90909090909091,-7.271484375
pernambuco_area,754,755,2912,2921,2922,37.39346590909091,-4.482421875
ceara_area,750,751,753,0,0,39.43892045454545,-2.822265625
sao_francisco_area,2885,2913,2915,2917,2918,43.21022727272727,-5.91015625
maranhao_area,749,2923,2924,2926,2927,45.830965909090914,-2.623046875
piaui_area,752,2886,2925,0,0,43.59375,-3.8515625
grao_para_area,748,2890,2928,2929,0,49.60227272727273,-1.4609375
amapa_area,747,2935,2938,0,0,53.11789772727273,-0.19921875
amazon_area,2889,2930,2933,2934,0,60.14914772727273,-0.630859375
paraguay_area,775,776,799,2882,2883,59.31818181818181,-11.421875
patagonia_area,781,782,2869,0,0,68.65056818181819,-25.96484375
bahia_blanca_area,780,786,2868,0,0,65.07102272727273,-22.544921875
patagonian_andes_area,2863,2870,2875,2876,0,68.26704545454545,-22.677734375
cuyo_area,2843,2844,2845,2847,2877,67.69176136363636,-17.33203125
nehuenken_area,785,2867,2871,2872,0,69.28977272727273,-20.486328125
southern_pampas_area,779,2860,2861,2865,2866,62.51420454545455,-19.98828125
buenos_aires_area,778,2846,2848,2849,0,61.49147727272727,-17.59765625
misiones_area,777,2853,2855,2858,2859,57.20880681818181,-14.875
tucuman_area,791,2836,2842,0,0,65.9659090909091,-14.94140625
jujuy_area,794,2837,2839,0,0,66.6690340909091,-12.94921875
chaco_area,790,2854,2878,0,0,61.55539772727273,-14.27734375
banda_oriental_area,772,773,2850,2851,2852,56.69744318181819,-17.9296875
guyana_area,502,743,744,2803,0,60.14914772727273,3.818359375
suriname_area,745,746,2937,0,0,55.48295454545455,2.423828125
upper_guyana_area,742,2804,2811,2931,4617,63.60085227272727,2.85546875
quito_area,816,817,819,820,2820,79.64488636363636,-0.86328125
iquitos_area,815,818,821,0,0,76.00142045454545,-1.328125
venezuela_area,741,831,2808,4612,4616,67.11647727272727,5.478515625
maracaibo_area,830,2807,4609,4610,4611,71.78267045454545,5.24609375
eastern_llanos_area,2805,2809,2939,4615,0,65.83806818181819,4.615234375
western_llanos_area,2812,2814,2815,4608,0,71.5909090909091,2.390625
central_llanos_area,834,2810,2813,4613,4614,70.05681818181819,4.150390625
bogota_area,825,832,4602,4603,0,73.9559659090909,3.353515625
popayan_area,823,826,2818,4596,4604,77.59943181818181,2.025390625
colombian_amazonas_area,822,2816,4605,0,0,74.27556818181819,0.59765625
cordillera_occidental_area,824,827,2817,4600,4607,75.68181818181819,2.98828125
coquivacoa_area,828,829,2806,4599,4601,74.91477272727273,5.1796875
northern_chile_area,792,793,796,2840,2841,70.1846590909091,-12.916015625
central_chile_area,784,787,2862,0,0,71.1434659090909,-18.228515625
southern_chile_area,783,2873,2874,0,0,71.5909090909091,-24.10546875
antisuyu_area,802,804,2831,2947,0,69.54545454545455,-8.466796875
kuntisuyu_area,807,808,2829,2830,0,72.9971590909091,-7.205078125
peruan_coast_area,805,806,2828,0,0,73.44460227272727,-8.400390625
chimor_area,812,2002,2821,2822,2826,80.66761363636364,-3.65234375
ucayali_area,2823,2944,2945,0,0,74.97869318181819,-4.05078125
cajamarca_area,813,2824,2825,2943,0,78.046875,-3.25390625
huanuco_area,809,810,811,814,2827,76.25710227272727,-5.810546875
beni_area,800,801,2834,0,0,63.53693181818181,-8.56640625
moxos_area,803,2832,2833,0,0,67.05255681818181,-7.205078125
upper_peru_area,2835,2838,2941,2942,0,65.45454545454545,-10.625
potosi_area,795,797,2940,2946,0,67.81960227272727,-10.82421875
great_woods_area,970,2562,2564,0,0,71.91051136363636,41.299492385786806
maine_area,2013,2565,4873,0,0,70.56818181818181,42.408121827411165
eastern_maine_area,971,2566,2567,0,0,69.09801136363636,43.35837563451776
massachusetts_bay_area,966,968,2561,4874,0,72.421875,39.82131979695431
connecticut_valley_area,967,2010,2560,0,0,72.93323863636364,39.082233502538074
hudson_valley_area,961,963,964,2559,4912,75.1065340909091,41.035532994923855
new_york_area,965,2558,2639,0,0,74.6590909090909,38.55431472081218
delaware_valley_area,956,957,962,2023,0,75.74573863636364,37.498477157360405
iroquoisia_area,958,959,960,4872,0,77.9190340909091,40.13807106598985
south_iroquoisia_area,969,2563,4871,0,0,73.125,41.616243654822334
susquehanna_area,955,2556,2557,4876,0,77.66335227272727,38.23756345177665
westsylvania_area,954,2555,4875,0,0,79.83664772727273,38.55431472081218
maryland_area,953,2553,2554,0,0,77.4715909090909,36.49543147208122
chesapeake_area,950,952,2549,2550,4877,78.1747159090909,34.80609137055838
great_valley_area,949,2011,2548,2552,0,80.2840909090909,35.28121827411168
piedmont_north_america_area,2544,2545,4878,0,0,80.22017045454545,33.11675126903553
carolinas_area,937,938,2546,2547,0,77.98295454545455,33.011167512690356
south_carolina_area,932,2542,2543,0,0,80.47585227272727,31.11065989847716
south_carolina_piedmont_area,933,2541,4882,0,0,82.00994318181819,31.90253807106599
american_georgia_area,929,2537,2538,2539,4880,83.16051136363636,30.160406091370557
upper_american_georgia_area,930,931,2540,4881,0,84.82244318181819,30.4243654822335
florida_area,926,2535,2536,4626,4625,81.81818181818181,25.51472081218274
north_florida_area,927,928,2534,0,0,83.48011363636364,27.837563451776653
appalachia_area,951,2551,4889,0,0,81.37073863636364,36.1258883248731
south_appalachia_area,935,936,2527,4879,0,83.60795454545455,33.2751269035533
west_florida_area,921,922,923,2530,2533,88.65767045454545,28.576649746192892
mississippi_area,919,920,2528,2529,4884,90.31960227272728,30.58274111675127
choctaw_area,918,934,939,4913,0,88.08238636363636,33.06395939086295
alabama_area,924,925,2531,2532,4883,87.25142045454545,30.635532994923857
kentucky_area,941,2526,4888,0,0,84.63068181818181,35.12284263959391
western_kentucky_area,940,4887,4921,0,0,87.69886363636364,34.594923857868025
ohio_country_area,946,947,948,2525,4907,83.22443181818181,37.76243654822335
miami_river_area,942,943,2523,2524,4922,86.6122159090909,37.498477157360405
illinois_country_area,915,916,917,4903,0,90.06392045454545,38.18477157360407
southern_illinois_area,2519,2520,4904,0,0,89.04119318181819,36.337055837563454
mississippi_plain_area,894,895,897,4885,4923,92.36505681818183,31.585786802030455
michigan_area,944,945,2521,2522,0,85.078125,41.035532994923855
lake_superior_area,910,911,2517,2518,4898,91.21448863636363,43.93908629441624
wisconsin_area,912,913,914,4899,0,89.8721590909091,41.616243654822334
lower_louisiana_area,893,2014,2516,0,0,92.6846590909091,28.471065989847716
upper_louisiana_area,900,902,2514,4906,0,92.62073863636363,36.17868020304569
ozarks_area,899,2509,2515,4886,0,93.83522727272728,33.961421319796955
iowa_area,905,2513,4900,4905,0,93.77130681818183,39.13502538071066
lower_plains_area,891,892,896,4908,0,98.05397727272728,32.958375634517765
central_plains_area,901,903,2009,2508,4915,99.90767045454545,38.712690355329954
kansas_area,890,898,2672,4914,0,98.3096590909091,35.75634517766497
high_plains_area,889,2507,2625,0,0,103.16761363636363,36.337055837563454
dakota_area,906,909,2510,4918,0,101.18607954545455,44.30862944162436
south_dakota_area,907,2007,2008,4916,0,100.09943181818183,41.45786802030457
minnessota_area,904,908,2512,4901,0,94.921875,42.14416243654823
upper_missouri_area,2006,2501,2502,2503,4917,108.60085227272728,44.94213197969543
badlands_area,1809,2504,2505,0,0,106.10795454545455,41.35228426395939
llano_estacado_area,882,885,2496,2497,4630,103.87073863636363,31.744162436548223
coastal_prarie_area,884,888,2665,2669,0,96.13636363636363,28.048730964467005
texas_area,887,883,4627,4911,0,97.8622159090909,28.787817258883248
texas_plains_area,886,2500,4909,4910,0,99.52414772727272,30.52994923857868
oregon_area,872,2481,2482,2483,0,121.96022727272728,41.98578680203046
columbia_river_area,873,2486,2487,2488,0,119.91477272727272,44.73096446700507
snake_river_area,2019,2020,2489,2490,2506,112.56392045454545,40.77157360406091
salish_sea_area,874,2484,2485,0,0,123.046875,45.25888324873097
interior_plateau_area,2003,2604,2605,2606,2607,120.8096590909091,49.58781725888325
hecate_strait_area,975,2022,2609,0,0,129.18323863636363,52.01624365482233
alaska_area,978,979,2611,2612,0,153.5369318181818,58.29847715736041
east_alaska_area,976,977,2613,0,0,136.08664772727272,57.45380710659899
lower_acadia_area,982,984,2568,2569,4891,63.79261363636364,42.619289340101524
straits_of_georgia_area,972,973,974,2610,0,124.96448863636363,48.10964467005076
upper_acadia_area,983,985,2572,0,0,65.64630681818181,44.46700507614213
st_john_valley_area,2570,2571,4896,0,0,67.43607954545455,43.991878172588834
newfoundland_area,980,981,2573,0,0,56.56960227272727,46.42030456852792
labrador_area,997,2574,2575,0,0,61.044034090909086,53.6
cote_nord_area,996,2576,2577,2578,2579,65.32670454545455,47.951269035532995
notre_dame_mountains_area,986,994,995,2582,2583,69.0340909090909,45.68121827411168
lower_canada_area,993,2584,4895,0,0,74.72301136363636,43.46395939086294
trois_rivieres_area,990,2012,2580,4893,0,72.9971590909091,44.09746192893401
upper_canada_area,987,2586,2587,0,0,81.75426136363636,41.035532994923855
laurentian_area,992,2581,4894,0,0,78.1747159090909,44.30862944162436
upper_ontario_area,991,1001,1007,2015,2671,86.03693181818181,45.73401015228426
huronia_area,989,988,2585,2670,0,79.19744318181819,41.93299492385786
ottawa_valley_area,4890,4892,4897,0,0,77.59943181818181,42.88324873096447
james_bay_area,998,999,1000,1003,1004,79.96448863636364,51.6994923857868
inner_ontario_area,1002,2588,2589,2590,2591,83.35227272727273,47.159390862944164
hudson_bay_area,1005,1006,1009,2592,2594,94.47443181818183,54.49746192893401
red_river_area,2016,2511,4902,0,0,97.734375,45.417258883248735
manitoba_area,1008,1010,1011,2593,4919,98.18181818181817,48.58477157360406
assiniboia_area,2005,2596,2598,4920,0,105.3409090909091,48.531979695431474
saskatchewan_area,1813,2595,2597,0,0,107.19460227272728,52.069035532994924
prairies_area,2004,2017,2018,2602,0,113.65056818181817,50.2741116751269
athabasca_area,2599,2600,2601,2603,0,116.1434659090909,54.70862944162436
northeast_mexico_area,861,2619,2666,2667,4606,102.20880681818183,25.725888324873097
durango_area,860,4647,4648,4646,4648,106.49147727272728,24.300507614213195
chihuahua_area,863,864,2618,4644,0,107.0028409090909,27.41522842639594
pecos_area,2498,4628,4629,0,0,103.74289772727272,28.682233502538068
rio_grande_area,858,2499,2614,2668,0,99.33238636363637,23.71979695431472
sonora_area,862,2616,4649,4650,4577,111.41335227272728,27.468020304568526
new_mexico_area,880,881,2495,4631,4632,107.13068181818183,32.166497461928934
apacheria_area,879,2492,4634,0,0,110.13494318181817,30.846700507614212
colorado_plateau_area,875,878,2493,2494,0,109.8153409090909,33.380710659898476
arizona_area,877,867,876,2491,4633,113.45880681818183,31.269035532994923
california_area,868,869,2021,2476,4637,120.1065340909091,33.011167512690356
central_valley_area,870,2478,4635,4636,0,119.08380681818183,33.327918781725884
northern_california_area,871,2477,2479,2480,4638,122.85511363636363,37.76243654822335
baja_california_area,865,866,2620,4639,0,113.90625,26.095431472081216
jalisco_area,2617,2621,2657,4576,854,104.50994318181817,19.76040609137056
nayarit_area,855,859,4578,0,0,107.25852272727272,22.716751269035534
michoacan_area,2622,2623,2624,4573,4574,101.953125,18.70456852791878
tierra_caliente_area,851,2643,4575,4579,4580,103.42329545454545,18.176649746192894
gran_chichimeca_area,857,2642,4642,0,0,100.86647727272728,21.396954314720812
guanajuato_area,853,2615,4641,4640,0,101.25,20.024365482233502
zacatecas_area,856,4643,4645,0,0,103.42329545454545,22.136040609137055
mexico_area,852,2626,4570,4571,4572,99.9715909090909,18.440609137055837
puebla_area,850,2628,2644,4583,4582,98.18181818181817,18.071065989847718
guerrero_area,2627,2645,2648,0,0,100.6747159090909,16.804060913705584
oaxaca_area,844,2629,4584,0,0,96.4559659090909,16.276142131979697
mixteca_area,847,849,2646,4581,0,98.4375,16.276142131979697
eastern_mexico_area,2630,2631,2647,0,0,95.88068181818183,17.33197969543147
huasteca_area,848,2641,4598,0,0,98.24573863636363,19.70761421319797
chiapas_area,2635,2638,2649,4585,4586,93.25994318181817,15.801015228426396
yucatan_area,846,2633,2651,4590,0,89.61647727272727,19.390862944162436
east_yucatan_area,2634,2652,4588,4591,0,88.84943181818181,18.440609137055837
campeche_area,845,2632,2650,0,0,91.85369318181817,17.595939086294415
guatemala_area,839,841,2653,4587,0,90.63920454545455,14.111675126903553
guatemala_lowlands_area,842,843,2636,4589,4594,90.1278409090909,16.06497461928934
honduras_area,840,2637,2640,2662,4593,87.0596590909091,14.428426395939086
nicaragua_area,837,838,2660,2661,4592,85.46164772727273,12.739086294416243
costa_rica_area,2663,836,4597,0,0,84.63068181818181,5.24609375
panama_area,835,2664,2819,4595,0,80.47585227272727,4.482421875
cuba_area,484,485,4622,4623,4624,81.5625,20.921827411167513
east_cuba_area,486,2654,2655,2656,0,77.15198863636364,19.549238578680203
hispaniola_area,488,489,4618,4619,0,73.125,17.965482233502538
dominica_area,490,2658,2659,4620,4621,70.95170454545455,17.91269035532995
greater_antilles_area,487,481,491,492,0,70.95170454545455,18.28223350253807
lucayan_area,482,483,0,0,0,76.70454545454545,22.611167512690358
leeward_islands_area,493,494,495,496,1881,63.28125,16.43451776649746
windward_islands_area,497,498,499,500,501,61.49147727272727,13.530964467005075
transvaal_area,4781,4782,4783,4784,0,-27.16619318181818,-21.806640625
