3004;189;110;220;Unused1;
3005;190;110;220;Unused2;
3006;191;110;220;Unused3;
3007;192;110;220;Unused4;
3008;193;110;220;Unused5;
3009;194;110;220;Unused6;
3010;195;110;220;Unused7;
3011;196;110;220;Unused8;
3012;197;110;220;Unused9;
3013;199;110;220;Unused10;
3014;200;110;220;Unused11;
3015;201;110;220;Unused12;
3016;202;110;220;Unused13;
3017;203;110;220;Unused14;
3018;204;110;220;Unused15;
3019;205;110;220;Unused16;
3020;206;110;220;Unused17;
3021;207;110;220;Unused18;
3022;207;110;221;Unused19;
3023;207;110;222;Unused20;
3024;207;110;223;Unused11;
3025;207;110;224;Unused12;
3026;207;110;225;Unused13;
3027;207;110;226;Unused14;
3028;207;110;227;Unused15;
3029;207;110;228;Unused16;
3030;207;110;229;Unused17;
3031;207;110;230;Unused18;
3032;207;110;231;Unused19;
3033;207;110;232;Unused20;
3034;207;110;233;Unused21;
3035;207;110;234;Unused22;
3036;207;110;235;Unused23;
3037;207;110;236;Unused24;
3038;207;110;237;Unused25;
3039;207;110;238;Unused26;
3040;207;110;239;Unused27;
3041;207;110;240;Unused28;
3042;207;110;241;Unused29;
3043;207;110;242;Unused30;
3044;207;110;243;Unused31;
3045;207;110;244;Unused32;
3046;207;110;245;Unused33;
3047;207;110;246;Unused34;
3048;207;110;247;Unused35;
3049;207;110;248;Unused36;
3050;207;110;249;Unused37;
3051;207;110;250;Unused38;
3052;208;110;1;Unused39;
3053;207;110;2;Unused40;
3054;207;110;3;Unused41;
3055;207;110;4;Unused42;
3056;207;110;5;Unused43;
3057;207;110;6;Unused44;
3058;207;110;7;Unused45;
3059;207;110;8;Unused46;
3060;207;110;9;Unused47;
3061;207;110;10;Unused48;
3062;207;110;11;Unused49;
3063;207;110;12;Unused50;
3064;207;110;13;Unused51;
3065;207;110;14;Unused52;
3066;207;110;15;Unused53;
3067;207;110;16;Unused54;
3068;207;110;17;Unused55;
3069;207;110;18;Unused56;
3070;207;110;19;Unused57;
3071;207;110;20;Unused58;
3072;207;110;21;Unused59;
3073;207;110;22;Unused60;
3074;207;110;23;Unused61;
3075;207;110;24;Unused62;
3076;207;110;25;Unused63;
3077;207;110;26;Unused64;
3078;207;110;27;Unused65;
3079;207;110;28;Unused66;
3080;207;110;29;Unused67;
3081;207;110;30;Unused68;
3082;207;110;31;Unused69;
3083;207;110;32;Unused70;
3084;207;110;33;Unused71;
3085;207;110;34;Unused72;
3086;207;110;35;Unused73;
3087;207;110;36;Unused74;
3088;207;110;37;Unused75;
3089;207;110;38;Unused76;
3090;207;110;39;Unused77;
3091;207;110;40;Unused78;
3092;207;110;41;Unused79;
3093;207;110;42;Unused80;
3094;207;110;43;Unused81;
3095;207;110;44;Unused82;
3096;207;110;45;Unused83;
3097;207;110;46;Unused84;
3098;207;110;47;Unused85;
3099;207;110;48;Unused86;
3100;207;110;49;Unused87;
3101;207;110;50;Unused88;
3102;207;110;51;Unused89;
3103;207;110;52;Unused90;
3104;207;110;53;Unused91;
3105;207;110;54;Unused92;
3106;207;110;55;Unused93;
3107;207;110;56;Unused94;
3108;207;110;57;Unused95;
3109;207;110;58;Unused96;
3110;207;110;59;Unused97;
3111;207;110;60;Unused98;
3112;207;110;61;Unused99;
3113;207;110;62;Unused100;
3114;207;110;63;Unused101;
3115;207;110;64;Unused102;
3116;207;110;65;Unused103;
3117;207;110;66;Unused104;
3118;207;110;67;Unused105;
3119;207;110;68;Unused106;
3120;207;110;69;Unused107;
3121;207;110;70;Unused108;
3122;207;110;71;Unused109;
3123;207;110;72;Unused110;
3124;207;110;73;Unused111;
3125;207;110;74;Unused112;
3126;207;110;75;Unused113;
3127;207;110;76;Unused114;
3128;207;110;77;Unused115;
3129;207;110;78;Unused116;
3130;207;110;79;Unused117;
3131;207;110;80;Unused118;
3132;207;110;81;Unused119;
3133;207;110;82;Unused120;
3134;207;110;83;Unused121;
3135;207;110;84;Unused122;
3136;207;110;85;Unused123;
3137;207;110;86;Unused124;
3138;207;110;87;Unused125;
3139;207;110;88;Unused126;
3140;207;110;89;Unused127;
3141;207;110;90;Unused128;
3142;207;110;91;Unused129;
3143;207;110;92;Unused130;
3144;207;110;93;Unused131;
3145;207;110;94;Unused132;
3146;207;110;95;Unused133;
3147;207;110;96;Unused134;
3148;207;110;97;Unused135;
3149;207;110;98;Unused136;
3150;207;110;99;Unused137;
3151;207;110;100;Unused138;
3152;207;110;101;Unused139;
3153;207;110;102;Unused140;
3154;207;110;103;Unused141;
3155;207;110;104;Unused142;
3156;207;110;105;Unused143;
3157;207;110;106;Unused144;
3158;207;110;107;Unused145;
3159;207;110;108;Unused146;
3160;207;110;109;Unused147;
3161;207;110;110;Unused148;
3162;207;110;111;Unused149;
3163;207;110;112;Unused150;
3164;207;110;113;Unused151;
3165;207;110;114;Unused152;
3166;207;110;115;Unused153;
3167;207;110;116;Unused154;
3168;207;110;117;Unused155;
3169;207;110;118;Unused156;
3170;207;110;119;Unused157;
3171;207;110;120;Unused158;
3172;207;110;121;Unused159;
3173;207;110;122;Unused160;
3174;207;110;123;Unused161;
3175;207;110;124;Unused162;
3176;207;110;125;Unused163;
3177;207;110;126;Unused164;
3178;207;110;127;Unused165;
3179;207;110;128;Unused166;
3180;207;110;129;Unused167;
3181;207;140;130;Unused168;
3182;207;140;131;Unused169;
3183;207;140;132;Unused170;
3184;207;140;133;Unused171;
3185;207;140;134;Unused172;
3186;207;140;135;Unused173;
3187;207;140;136;Unused174;
3188;207;140;137;Unused175;
3189;207;140;138;Unused176;
3190;219;32;0;UnusedLand0;
3191;219;32;1;UnusedLand1;
3192;219;32;2;UnusedLand2;
3193;219;32;3;UnusedLand3;
3194;219;32;4;UnusedLand4;
3195;219;32;5;UnusedLand5;
3196;219;32;6;UnusedLand6;
3197;219;32;7;UnusedLand7;
3198;219;32;8;UnusedLand8;
3199;219;32;9;UnusedLand9;
3200;219;32;10;UnusedLand10;
3201;219;32;11;UnusedLand11;
3202;219;32;12;UnusedLand12;
3203;219;32;13;UnusedLand13;
3204;219;32;14;UnusedLand14;
3205;219;32;15;UnusedLand15;
3206;219;32;16;UnusedLand16;
3207;219;32;17;UnusedLand17;
3208;219;32;18;UnusedLand18;
3209;219;32;19;UnusedLand19;
3210;219;32;20;UnusedLand20;
3211;219;32;21;UnusedLand21;
3212;219;32;22;UnusedLand22;
3213;219;32;23;UnusedLand23;
3214;219;32;24;UnusedLand24;
3215;219;32;25;UnusedLand25;
3216;219;32;26;UnusedLand26;
3217;219;32;27;UnusedLand27;
3218;219;32;28;UnusedLand28;
3219;219;32;29;UnusedLand29;
3220;219;32;30;UnusedLand30;
3221;219;32;31;UnusedLand31;
3222;219;32;32;UnusedLand32;
3223;219;32;33;UnusedLand33;
3224;219;32;34;UnusedLand34;
3225;219;32;35;UnusedLand35;
3226;219;32;36;UnusedLand36;
3227;219;32;37;UnusedLand37;
3228;219;32;38;UnusedLand38;
3229;219;32;39;UnusedLand39;
3230;219;32;40;UnusedLand40;
3231;219;32;41;UnusedLand41;
3232;219;32;42;UnusedLand42;
3233;219;32;43;UnusedLand43;
3234;219;32;44;UnusedLand44;
3235;219;32;45;UnusedLand45;
3236;219;32;46;UnusedLand46;
3237;219;32;47;UnusedLand47;
3238;219;32;48;UnusedLand48;
3239;219;32;49;UnusedLand49;
3240;219;32;50;UnusedLand50;
3241;219;32;51;UnusedLand51;
3242;219;32;52;UnusedLand52;
3243;219;32;53;UnusedLand53;
3244;219;32;54;UnusedLand54;
3245;219;32;55;UnusedLand55;
3246;219;32;56;UnusedLand56;
3247;219;32;57;UnusedLand57;
3248;219;32;58;UnusedLand58;
3249;219;32;59;UnusedLand59;
3250;219;32;60;UnusedLand60;
3251;219;32;61;UnusedLand61;
3252;219;32;62;UnusedLand62;
3253;219;32;63;UnusedLand63;
3254;219;32;64;UnusedLand64;
3255;219;32;65;UnusedLand65;
3256;219;32;66;UnusedLand66;
3257;219;32;67;UnusedLand67;
3258;219;32;68;UnusedLand68;
3259;219;32;69;UnusedLand69;
3260;219;32;70;UnusedLand70;
3261;219;32;71;UnusedLand71;
3262;219;32;72;UnusedLand72;
3263;219;32;73;UnusedLand73;
3264;219;32;74;UnusedLand74;
3265;219;32;75;UnusedLand75;
3266;219;32;76;UnusedLand76;
3267;219;32;77;UnusedLand77;
3268;219;32;78;UnusedLand78;
3269;219;32;79;UnusedLand79;
3270;219;32;80;UnusedLand80;
3271;219;32;81;UnusedLand81;
3272;219;32;82;UnusedLand82;
3273;219;32;83;UnusedLand83;
3274;219;32;84;UnusedLand84;
3275;219;32;85;UnusedLand85;
3276;219;32;86;UnusedLand86;
3277;219;32;87;UnusedLand87;
3278;219;32;88;UnusedLand88;
3279;219;32;89;UnusedLand89;
3280;219;32;90;UnusedLand90;
3281;219;32;91;UnusedLand91;
3282;219;32;92;UnusedLand92;
3283;219;32;93;UnusedLand93;
3284;219;32;94;UnusedLand94;
3285;219;32;95;UnusedLand95;
3286;219;32;96;UnusedLand96;
3287;219;32;97;UnusedLand97;
3288;219;32;98;UnusedLand98;
3289;219;32;99;UnusedLand99;
3290;219;32;100;UnusedLand100;
3291;219;32;101;UnusedLand101;
3292;219;32;102;UnusedLand102;
3293;219;32;103;UnusedLand103;
3294;219;32;104;UnusedLand104;
3295;219;32;105;UnusedLand105;
3296;219;32;106;UnusedLand106;
3297;219;32;107;UnusedLand107;
3298;219;32;108;UnusedLand108;
3299;219;32;109;UnusedLand109;
3300;219;32;110;UnusedLand110;
3301;219;32;111;UnusedLand111;
3302;219;32;112;UnusedLand112;
3303;219;32;113;UnusedLand113;
3304;219;32;114;UnusedLand114;
3305;219;32;115;UnusedLand115;
3306;219;32;116;UnusedLand116;
3307;219;32;117;UnusedLand117;
3308;219;32;118;UnusedLand118;
3309;219;32;119;UnusedLand119;
3310;219;32;120;UnusedLand120;
3311;219;32;121;UnusedLand121;
3312;219;32;122;UnusedLand122;
3313;219;32;123;UnusedLand123;
3314;219;32;124;UnusedLand124;
3315;219;32;125;UnusedLand125;
3316;219;32;126;UnusedLand126;
3317;219;32;127;UnusedLand127;
3318;219;32;128;UnusedLand128;
3319;219;32;129;UnusedLand129;
3320;219;32;130;UnusedLand130;
3321;219;32;131;UnusedLand131;
3322;219;32;132;UnusedLand132;
3323;219;32;133;UnusedLand133;
3324;219;32;134;UnusedLand134;
3325;219;32;135;UnusedLand135;
3326;219;32;136;UnusedLand136;
3327;219;32;137;UnusedLand137;
3328;219;32;138;UnusedLand138;
3329;219;32;139;UnusedLand139;
3330;219;32;140;UnusedLand140;
3331;219;32;141;UnusedLand141;
3332;219;32;142;UnusedLand142;
3333;219;32;143;UnusedLand143;
3334;219;32;144;UnusedLand144;
3335;219;32;145;UnusedLand145;
3336;219;32;146;UnusedLand146;
3337;219;32;147;UnusedLand147;
3338;219;32;148;UnusedLand148;
3339;219;32;149;UnusedLand149;
3340;219;32;150;UnusedLand150;
3341;219;32;151;UnusedLand151;
3342;219;32;152;UnusedLand152;
3343;219;32;153;UnusedLand153;
3344;219;32;154;UnusedLand154;
3345;219;32;155;UnusedLand155;
3346;219;32;156;UnusedLand156;
3347;219;32;157;UnusedLand157;
3348;219;32;158;UnusedLand158;
3349;219;32;159;UnusedLand159;
3350;219;32;160;UnusedLand160;
3351;219;32;161;UnusedLand161;
3352;219;32;162;UnusedLand162;
3353;219;32;163;UnusedLand163;
3354;219;32;164;UnusedLand164;
3355;219;32;165;UnusedLand165;
3356;219;32;166;UnusedLand166;
3357;219;32;167;UnusedLand167;
3358;219;32;168;UnusedLand168;
3359;219;32;169;UnusedLand169;
3360;219;32;170;UnusedLand170;
3361;219;32;171;UnusedLand171;
3362;219;32;172;UnusedLand172;
3363;219;32;173;UnusedLand173;
3364;219;32;174;UnusedLand174;
3365;219;32;175;UnusedLand175;
3366;219;32;176;UnusedLand176;
3367;219;32;177;UnusedLand177;
3368;219;32;178;UnusedLand178;
3369;219;32;179;UnusedLand179;
3370;219;32;180;UnusedLand180;
3371;219;32;181;UnusedLand181;
3372;219;32;182;UnusedLand182;
3373;219;32;183;UnusedLand183;
3374;219;32;184;UnusedLand184;
3375;219;32;185;UnusedLand185;
3376;219;32;186;UnusedLand186;
3377;219;32;187;UnusedLand187;
3378;219;32;188;UnusedLand188;
3379;219;32;189;UnusedLand189;
3380;219;32;190;UnusedLand190;
3381;219;32;191;UnusedLand191;
3382;219;32;192;UnusedLand192;
3383;219;32;193;UnusedLand193;
3384;219;32;194;UnusedLand194;
3385;219;32;195;UnusedLand195;
3386;219;32;196;UnusedLand196;
3387;219;32;197;UnusedLand197;
3388;219;32;198;UnusedLand198;
3389;219;32;199;UnusedLand199;
3390;219;32;200;UnusedLand200;
3391;219;32;201;UnusedLand201;
3392;219;32;202;UnusedLand202;
3393;219;32;203;UnusedLand203;
3394;219;32;204;UnusedLand204;
3395;219;32;205;UnusedLand205;
3396;219;32;206;UnusedLand206;
3397;219;32;207;UnusedLand207;
3398;219;32;208;UnusedLand208;
3399;219;32;209;UnusedLand209;
3400;219;32;210;UnusedLand210;
3401;219;32;211;UnusedLand211;
3402;219;32;212;UnusedLand212;
3403;219;32;213;UnusedLand213;
3404;219;32;214;UnusedLand214;
3405;219;32;215;UnusedLand215;
3406;219;32;216;UnusedLand216;
3407;219;32;217;UnusedLand217;
3408;219;32;218;UnusedLand218;
3409;219;32;219;UnusedLand219;
3410;219;32;220;UnusedLand220;
3411;219;32;221;UnusedLand221;
3412;219;32;222;UnusedLand222;
3413;219;32;223;UnusedLand223;
3414;219;32;224;UnusedLand224;
3415;219;32;225;UnusedLand225;
3416;219;32;226;UnusedLand226;
3417;219;32;227;UnusedLand227;
3418;219;32;228;UnusedLand228;
3419;219;32;229;UnusedLand229;
3420;219;23;120;RNW;
3421;219;23;121;RNW;
3422;219;23;122;RNW;
3423;219;23;123;RNW;
3424;219;23;124;RNW;
3425;219;23;125;RNW;
3426;219;23;126;RNW;
3427;219;23;127;RNW;
3428;219;23;128;RNW;
3429;219;23;129;RNW;
3430;219;23;130;RNW;
3431;219;23;131;RNW;
3432;219;23;132;RNW;
3433;219;23;133;RNW;
3434;219;23;134;RNW;
3435;219;23;135;RNW;
3436;219;23;136;RNW;
3437;219;23;137;RNW;
3438;219;23;138;RNW;
3439;219;23;139;RNW;
3440;219;23;140;RNW;
3441;219;23;141;RNW;
3442;219;23;142;RNW;
3443;219;23;143;RNW;
3444;219;23;144;RNW;
3445;219;23;145;RNW;
3446;219;23;146;RNW;
3447;219;23;147;RNW;
3448;219;23;148;RNW;
3449;219;23;149;RNW;
3450;219;23;150;RNW;
3451;219;23;151;RNW;
3452;219;23;152;RNW;
3453;219;23;153;RNW;
3454;219;23;154;RNW;
3455;219;23;155;RNW;
3456;219;23;156;RNW;
3457;219;23;157;RNW;
3458;219;23;158;RNW;
3459;219;23;159;RNW;
3460;219;23;160;RNW;
3461;219;23;161;RNW;
3462;219;23;162;RNW;
3463;219;23;163;RNW;
3464;219;23;164;RNW;
3465;219;23;165;RNW;
3466;219;23;166;RNW;
3467;219;23;167;RNW;
3468;219;23;168;RNW;
3469;219;23;169;RNW;
3470;219;23;170;RNW;
3471;219;23;171;RNW;
3472;219;23;172;RNW;
3473;219;23;173;RNW;
3474;219;23;174;RNW;
3475;219;23;175;RNW;
3476;219;23;176;RNW;
3477;219;23;177;RNW;
3478;219;23;178;RNW;
3479;219;23;179;RNW;
3480;219;23;180;RNW;
3481;219;23;181;RNW;
3482;219;23;182;RNW;
3483;219;23;183;RNW;
3484;219;23;184;RNW;
3485;219;23;185;RNW;
3486;219;23;186;RNW;
3487;219;23;187;RNW;
3488;219;23;188;RNW;
3489;219;23;189;RNW;
3490;219;23;190;RNW;
3491;219;23;191;RNW;
3492;219;23;192;RNW;
3493;219;23;193;RNW;
3494;219;23;194;RNW;
3495;219;23;195;RNW;
3496;219;23;196;RNW;
3497;219;23;197;RNW;
3498;219;23;198;RNW;
3499;219;23;199;RNW;
3500;219;23;200;RNW;
3501;219;23;201;RNW;
3502;219;23;202;RNW;
3503;219;23;203;RNW;
3504;219;23;204;RNW;
3505;219;23;205;RNW;
3506;219;23;206;RNW;
3507;219;23;207;RNW;
3508;219;23;208;RNW;
3509;219;24;209;RNW;
3510;219;24;210;RNW;
3511;219;24;211;RNW;
3512;219;24;212;RNW;
3513;219;24;213;RNW;
3514;219;24;214;RNW;
3515;219;24;215;RNW;
3516;219;24;216;RNW;
3517;219;24;217;RNW;
3518;219;24;218;RNW;
3519;219;24;219;RNW;
3520;219;24;220;RNW;
3521;219;24;221;RNW;
3522;219;24;222;RNW;
3523;219;24;223;RNW;
3524;219;24;224;RNW;
3525;219;24;225;RNW;
3526;219;24;226;RNW;
3527;219;24;227;RNW;
3528;219;24;228;RNW;
3529;219;24;229;RNW;
3530;219;24;230;RNW;
3531;219;24;231;RNW;
3532;219;24;232;RNW;
3533;219;24;233;RNW;
3534;219;24;234;RNW;
3535;219;24;235;RNW;
3536;219;24;236;RNW;
3537;219;24;237;RNW;
3538;219;24;238;RNW;
3539;219;24;239;RNW;
3540;219;24;240;RNW;
3541;219;24;241;RNW;
3542;219;24;242;RNW;
3543;219;24;243;RNW;
3544;219;24;244;RNW;
3545;219;24;245;RNW;
3546;219;24;246;RNW;
3547;219;24;247;RNW;
3548;219;24;248;RNW;
3549;219;24;249;RNW;
3550;219;24;150;RNW;
3551;225;25;151;RNW;
3552;225;25;152;RNW;
3553;225;25;153;RNW;
3554;225;25;154;RNW;
3555;225;25;155;RNW;
3556;225;25;156;RNW;
3557;225;25;157;RNW;
3558;225;25;158;RNW;
3559;225;25;159;RNW;
3560;225;25;160;RNW;
3561;225;25;161;RNW;
3562;225;25;162;RNW;
3563;225;25;163;RNW;
3564;225;25;164;RNW;
3565;225;25;165;RNW;
3566;225;25;166;RNW;
3567;225;25;167;RNW;
3568;225;25;168;RNW;
3569;225;25;169;RNW;
3570;225;25;170;RNW;
3571;225;25;171;RNW;
3572;225;25;172;RNW;
3573;225;25;173;RNW;
3574;225;25;174;RNW;
3575;225;25;175;RNW;
3576;225;25;176;RNW;
3577;225;25;177;RNW;
3578;225;25;178;RNW;
3579;225;25;179;RNW;
3580;225;25;180;RNW;
3581;225;25;181;RNW;
3582;225;25;182;RNW;
3583;225;25;183;RNW;
3584;225;25;184;RNW;
3585;225;25;185;RNW;
3586;225;25;186;RNW;
3587;225;25;187;RNW;
3588;225;25;188;RNW;
3589;225;25;189;RNW;
3590;225;25;190;RNW;
3591;225;25;191;RNW;
3592;225;25;192;RNW;
3593;225;25;193;RNW;
3594;225;25;194;RNW;
3595;225;25;195;RNW;
3596;225;25;196;RNW;
3597;225;25;197;RNW;
3598;225;25;198;RNW;
3599;225;25;199;RNW;
3600;225;25;200;RNW;
3601;225;25;201;RNW;
3602;225;25;202;RNW;
3603;225;25;203;RNW;
3604;225;25;204;RNW;
3605;225;25;205;RNW;
3606;225;25;206;RNW;
3607;225;25;207;RNW;
3608;225;25;208;RNW;
3609;225;25;209;RNW;
3610;225;25;200;RNW;
3611;225;25;201;RNW;
3612;225;25;202;RNW;
3613;225;25;203;RNW;
3614;225;25;204;RNW;
3615;225;25;205;RNW;
3616;225;25;206;RNW;
3617;225;25;207;RNW;
3618;225;25;208;RNW;
3619;225;25;209;RNW;
3620;100;10;120;RNW;
3621;100;10;121;RNW;
3622;100;10;122;RNW;
3623;100;10;123;RNW;
3624;100;10;124;RNW;
3625;100;10;125;RNW;
3626;100;10;126;RNW;
3627;100;10;127;RNW;
3628;100;10;128;RNW;
3629;100;10;129;RNW;
3630;100;10;130;RNW;
3631;100;10;131;RNW;
3632;100;10;132;RNW;
3633;100;10;133;RNW;
3634;100;10;134;RNW;
3635;100;10;135;RNW;
3636;100;10;136;RNW;
3637;100;10;137;RNW;
3638;100;10;138;RNW;
3639;100;10;139;RNW;
3640;100;10;140;RNW;
3641;100;10;141;RNW;
3642;100;10;142;RNW;
3643;100;10;143;RNW;
3644;100;10;144;RNW;
3645;100;10;145;RNW;
3646;100;10;146;RNW;
3647;100;10;147;RNW;
3648;100;10;148;RNW;
3649;100;10;149;RNW;
3650;100;10;150;RNW;
3651;100;10;151;RNW;
3652;100;10;152;RNW;
3653;100;10;153;RNW;
3654;100;10;154;RNW;
3655;100;10;155;RNW;
3656;100;10;156;RNW;
3657;100;10;157;RNW;
3658;100;10;158;RNW;
3659;100;10;159;RNW;
3660;100;10;160;RNW;
3661;100;10;161;RNW;
3662;100;10;162;RNW;
3663;100;10;163;RNW;
3664;100;10;164;RNW;
3665;100;10;165;RNW;
3666;100;10;166;RNW;
3667;100;10;167;RNW;
3668;100;10;168;RNW;
3669;100;10;169;RNW;
3670;100;10;170;RNW;
3671;100;10;171;RNW;
3672;100;10;172;RNW;
3673;100;10;173;RNW;
3674;100;10;174;RNW;
3675;100;10;175;RNW;
3676;100;10;176;RNW;
3677;100;10;177;RNW;
3678;100;10;178;RNW;
3679;100;10;179;RNW;
3680;100;10;180;RNW;
3681;100;10;181;RNW;
3682;100;10;182;RNW;
3683;100;10;183;RNW;
3684;100;10;184;RNW;
3685;100;10;185;RNW;
3686;100;10;186;RNW;
3687;100;10;187;RNW;
3688;100;10;188;RNW;
3689;100;10;189;RNW;
3690;100;10;190;RNW;
3691;100;10;191;RNW;
3692;100;10;192;RNW;
3693;100;10;193;RNW;
3694;100;10;194;RNW;
3695;100;10;195;RNW;
3696;100;10;196;RNW;
3697;100;10;197;RNW;
3698;100;10;198;RNW;
3699;100;10;199;RNW;
3700;100;11;100;RNW;
3701;100;11;101;RNW;
3702;100;11;102;RNW;
3703;100;11;103;RNW;
3704;100;11;104;RNW;
3705;100;11;105;RNW;
3706;100;11;106;RNW;
3707;100;11;107;RNW;
3708;100;11;108;RNW;
3709;100;11;109;RNW;
3710;100;11;110;RNW;
3711;100;11;111;RNW;
3712;100;11;112;RNW;
3713;100;11;113;RNW;
3714;100;11;114;RNW;
3715;100;11;115;RNW;
3716;100;11;116;RNW;
3717;100;11;117;RNW;
3718;100;11;118;RNW;
3719;100;11;119;RNW;
3720;100;11;120;RNW;
3721;100;11;121;RNW;
3722;100;11;122;RNW;
3723;100;11;123;RNW;
3724;100;11;124;RNW;
3725;100;11;125;RNW;
3726;100;11;126;RNW;
3727;100;11;127;RNW;
3728;100;11;128;RNW;
3729;100;11;129;RNW;
3730;100;11;130;RNW;
3731;100;11;131;RNW;
3732;100;11;132;RNW;
3733;100;11;133;RNW;
3734;100;11;134;RNW;
3735;100;11;135;RNW;
3736;100;11;136;RNW;
3737;100;11;137;RNW;
3738;100;11;138;RNW;
3739;100;11;139;RNW;
3740;100;11;140;RNW;
3741;100;11;141;RNW;
3742;100;11;142;RNW;
3743;100;11;143;RNW;
3744;100;11;144;RNW;
3745;100;11;145;RNW;
3746;100;11;146;RNW;
3747;100;11;147;RNW;
3748;100;11;148;RNW;
3749;100;11;149;RNW;
3750;100;11;150;RNW;
3751;100;11;151;RNW;
3752;100;11;152;RNW;
3753;100;11;153;RNW;
3754;100;11;154;RNW;
3755;100;11;155;RNW;
3756;100;11;156;RNW;
3757;100;11;157;RNW;
3758;100;11;158;RNW;
3759;100;11;159;RNW;
3760;100;11;160;RNW;
3761;100;11;161;RNW;
3762;100;11;162;RNW;
3763;100;11;163;RNW;
3764;100;11;164;RNW;
3765;100;11;165;RNW;
3766;100;11;166;RNW;
3767;100;11;167;RNW;
3768;100;11;168;RNW;
3769;100;11;169;RNW;
3770;100;11;170;RNW;
3771;100;11;171;RNW;
3772;100;11;172;RNW;
3773;100;11;173;RNW;
3774;100;11;174;RNW;
3775;100;11;175;RNW;
3776;100;11;176;RNW;
3777;100;11;177;RNW;
3778;100;11;178;RNW;
3779;100;11;179;RNW;
3780;100;11;180;RNW;
3781;100;11;181;RNW;
3782;100;11;182;RNW;
3783;100;11;183;RNW;
3784;100;11;184;RNW;
3785;100;11;185;RNW;
3786;100;11;186;RNW;
3787;100;11;187;RNW;
3788;100;11;188;RNW;
3789;100;11;189;RNW;
3790;100;11;190;RNW;
3791;100;11;191;RNW;
3792;100;11;192;RNW;
3793;100;11;193;RNW;
3794;100;11;194;RNW;
3795;100;11;195;RNW;
3796;100;11;196;RNW;
3797;100;11;197;RNW;
3798;100;11;198;RNW;
3799;100;11;199;RNW;
3800;100;12;100;RNW;
3801;100;12;101;RNW;
3802;100;12;102;RNW;
3803;100;12;103;RNW;
3804;100;12;104;RNW;
3805;100;12;105;RNW;
3806;100;12;106;RNW;
3807;100;12;107;RNW;
3808;100;12;108;RNW;
3809;100;12;109;RNW;
3810;100;12;110;RNW;
3811;100;12;111;RNW;
3812;100;12;112;RNW;
3813;100;12;113;RNW;
3814;100;12;114;RNW;
3815;100;12;115;RNW;
3816;100;12;116;RNW;
3817;100;12;117;RNW;
3818;100;12;118;RNW;
3819;100;12;119;RNW;
3820;100;12;120;RNW;
3821;100;12;121;RNW;
3822;100;12;122;RNW;
3823;100;12;123;RNW;
3824;100;12;124;RNW;
3825;100;12;125;RNW;
3826;100;12;126;RNW;
3827;100;12;127;RNW;
3828;100;12;128;RNW;
3829;100;12;129;RNW;
3830;100;12;130;RNW;
3831;100;12;131;RNW;
3832;100;12;132;RNW;
3833;100;12;133;RNW;
3834;100;12;134;RNW;
3835;100;12;135;RNW;
3836;100;12;136;RNW;
3837;100;12;137;RNW;
3838;100;12;138;RNW;
3839;100;12;139;RNW;
3840;100;12;140;RNW;
3841;100;12;141;RNW;
3842;100;12;142;RNW;
3843;100;12;143;RNW;
3844;100;12;144;RNW;
3845;100;12;145;RNW;
3846;100;12;146;RNW;
3847;100;12;147;RNW;
3848;100;12;148;RNW;
3849;100;12;149;RNW;
3850;100;12;150;RNW;
3851;100;12;151;RNW;
3852;100;12;152;RNW;
3853;100;12;153;RNW;
3854;100;12;154;RNW;
3855;100;12;155;RNW;
3856;100;12;156;RNW;
3857;100;12;157;RNW;
3858;100;12;158;RNW;
3859;100;12;159;RNW;
3860;100;12;160;RNW;
3861;100;12;161;RNW;
3862;100;12;162;RNW;
3863;100;12;163;RNW;
3864;100;12;164;RNW;
3865;100;12;165;RNW;
3866;100;12;166;RNW;
3867;100;12;167;RNW;
3868;100;12;168;RNW;
3869;100;12;169;RNW;
3870;100;12;170;RNW;
3871;100;12;171;RNW;
3872;100;12;172;RNW;
3873;100;12;173;RNW;
3874;100;12;174;RNW;
3875;100;12;175;RNW;
3876;100;12;176;RNW;
3877;100;12;177;RNW;
3878;100;12;178;RNW;
3879;100;12;179;RNW;
3880;100;12;180;RNW;
3881;100;12;181;RNW;
3882;100;12;182;RNW;
3883;100;12;183;RNW;
3884;100;12;184;RNW;
3885;100;12;185;RNW;
3886;100;12;186;RNW;
3887;100;12;187;RNW;
3888;100;12;188;RNW;
3889;100;12;189;RNW;
3890;100;12;190;RNW;
3891;100;12;191;RNW;
3892;100;12;192;RNW;
3893;100;12;193;RNW;
3894;100;12;194;RNW;
3895;100;12;195;RNW;
3896;100;12;196;RNW;
3897;100;12;197;RNW;
3898;100;12;198;RNW;
3899;100;12;199;RNW;
3900;100;13;100;RNW;
3901;100;13;101;RNW;
3902;100;13;102;RNW;
3903;100;13;103;RNW;
3904;100;13;104;RNW;
3905;100;13;105;RNW;
3906;100;13;106;RNW;
3907;100;13;107;RNW;
3908;100;13;108;RNW;
3909;100;13;109;RNW;
3910;100;13;110;RNW;
3911;100;13;111;RNW;
3912;100;13;112;RNW;
3913;100;13;113;RNW;
3914;100;13;114;RNW;
3915;100;13;115;RNW;
3916;100;13;116;RNW;
3917;100;13;117;RNW;
3918;100;13;118;RNW;
3919;100;13;119;RNW;
3920;100;13;120;RNW;
3921;100;13;121;RNW;
3922;100;13;122;RNW;
3923;100;13;123;RNW;
3924;100;13;124;RNW;
3925;100;13;125;RNW;
3926;100;13;126;RNW;
3927;100;13;127;RNW;
3928;100;13;128;RNW;
3929;100;13;129;RNW;
3930;100;13;130;RNW;
3931;100;13;131;RNW;
3932;100;13;132;RNW;
3933;100;13;133;RNW;
3934;100;13;134;RNW;
3935;100;13;135;RNW;
3936;100;13;136;RNW;
3937;100;13;137;RNW;
3938;100;13;138;RNW;
3939;100;13;139;RNW;
3940;100;13;140;RNW;
3941;100;13;141;RNW;
3942;100;13;142;RNW;
3943;100;13;143;RNW;
3944;100;13;144;RNW;
3945;100;13;145;RNW;
3946;100;13;146;RNW;
3947;100;13;147;RNW;
3948;100;13;148;RNW;
3949;100;13;149;RNW;
3950;100;13;150;RNW;
3951;100;13;151;RNW;
3952;100;13;152;RNW;
3953;100;13;153;RNW;
3954;100;13;154;RNW;
3955;100;13;155;RNW;
3956;100;13;156;RNW;
3957;100;13;157;RNW;
3958;100;13;158;RNW;
3959;100;13;159;RNW;
3960;100;13;160;RNW;
3961;100;13;161;RNW;
3962;100;13;162;RNW;
3963;100;13;163;RNW;
3964;100;13;164;RNW;
3965;100;13;165;RNW;
3966;100;13;166;RNW;
3967;100;13;167;RNW;
3968;100;13;168;RNW;
3969;100;13;169;RNW;
3970;100;13;170;RNW;
3971;100;13;171;RNW;
3972;100;13;172;RNW;
3973;100;13;173;RNW;
3974;100;13;174;RNW;
3975;100;13;175;RNW;
3976;100;13;176;RNW;
3977;100;13;177;RNW;
3978;100;13;178;RNW;
3979;100;13;179;RNW;
3980;100;13;180;RNW;
3981;100;13;181;RNW;
3982;100;13;182;RNW;
3983;100;13;183;RNW;
3984;100;13;184;RNW;
3985;100;13;185;RNW;
3986;100;13;186;RNW;
3987;100;13;187;RNW;
3988;100;13;188;RNW;
3989;100;13;189;RNW;
3990;100;13;190;RNW;
3991;100;13;191;RNW;
3992;100;13;192;RNW;
3993;100;13;193;RNW;
3994;100;13;194;RNW;
3995;100;13;195;RNW;
3996;100;13;196;RNW;
3997;100;13;197;RNW;
3998;100;13;198;RNW;
3999;100;13;199;RNW;
4000;100;14;100;RNW;
4001;100;14;101;RNW;
4002;100;14;102;RNW;
4003;100;14;103;RNW;
4004;100;14;104;RNW;
4005;100;14;105;RNW;
4006;100;14;106;RNW;
4007;100;14;107;RNW;
4008;100;14;108;RNW;
4009;100;14;109;RNW;
4010;100;14;110;RNW;
4011;100;14;111;RNW;
4012;100;14;112;RNW;
4013;100;14;113;RNW;
4014;100;14;114;RNW;
4015;100;14;115;RNW;
4016;100;14;116;RNW;
4017;100;14;117;RNW;
4018;100;14;118;RNW;
4019;100;14;119;RNW;